director_name,avg_gross_millions,avg_budget_million,num_movies,avg_movie_score,avg_director_fb_likes,avg_movie_fb_likes
James Cameron,709.59,218.5,2,7.8,0.0,29500.0
Joss Whedon,432.72,182.5,4,7.92,0.0,94500.0
Lee Unkrich,414.98,200.0,1,8.3,125.0,30000.0
Chris Buck,400.74,150.0,1,7.6,69.0,58000.0
George Lucas,388.49,114.33,3,6.93,0.0,7666.67
Tim Miller,363.02,58.0,1,8.1,84.0,117000.0
Kyle Balda,336.03,74.0,1,6.4,22.0,70000.0
Colin Trevorrow,328.09,75.38,2,7.0,365.0,90500.0
Yarrow Cheney,323.51,75.0,1,6.8,11.0,36000.0
Pete Docter,313.11,155.0,3,8.23,0.0,48333.33
Pierre Coffin,309.78,72.5,2,7.6,275.0,43500.0
Francis Lawrence,271.7,120.6,5,7.0,508.0,43200.0
Dan Scanlon,268.49,200.0,1,7.3,37.0,44000.0
Robert Stromberg,241.41,180.0,1,7.0,171.0,89000.0
Mark Andrews,237.28,185.0,1,7.2,56.0,39000.0
Peter Jackson,235.45,153.36,11,7.7,0.0,35727.27
Chris Miller,234.97,145.0,2,6.4,50.0,8000.0
Andrew Adamson,229.99,153.75,5,7.08,80.0,0.0
Christopher Nolan,226.65,125.62,8,8.43,22000.0,103625.0
Andrew Stanton,225.9,179.23,3,7.73,475.0,17000.0
Sam Raimi,223.72,153.56,9,6.71,0.0,15111.11
Jon Favreau,223.2,113.29,7,7.13,4000.0,25627.57
Don Hall,222.49,165.0,1,7.9,38.0,41000.0
John Lasseter,211.03,132.5,4,7.15,487.0,2500.0
David Yates,210.52,190.0,4,7.05,282.0,17000.0
Shane Black,206.61,107.5,2,7.4,1000.0,47500.0
Nathan Greno,200.81,260.0,1,7.8,15.0,29000.0
Gore Verbinski,189.94,153.0,7,6.99,563.0,13000.0
Rich Moore,189.41,165.0,1,7.8,66.0,40000.0
J.J. Abrams,186.7,135.0,4,7.45,14000.0,37000.0
Anthony Russo,185.72,121.5,4,7.0,94.0,31855.75
David Silverman,183.13,75.0,1,7.4,30.0,0.0
Gary Ross,182.85,71.67,3,7.1,378.0,50000.0
Michael Bay,180.45,130.67,12,6.63,0.0,21583.33
Dean DeBlois,180.05,130.0,3,7.77,255.0,26333.33
Phil Lord,178.17,63.0,4,7.28,97.0,31750.0
Tim Johnson,171.76,121.25,4,6.72,12.0,19500.0
Carlos Saldanha,166.76,90.75,4,6.82,107.0,4750.0
Marc Webb,165.76,145.83,3,7.13,464.0,45666.67
Jennifer Yuh Nelson,165.23,150.0,1,7.3,90.0,20000.0
Paul Tibbitt,162.5,74.0,1,6.0,5.0,16000.0
Genndy Tartakovsky,159.0,82.5,2,6.9,266.0,22000.0
Brad Bird,158.76,129.4,5,7.58,663.0,16400.0
Bryan Singer,158.5,148.86,7,7.1,0.0,22571.43
Rupert Sanders,155.11,170.0,1,6.1,274.0,53000.0
Eric Darnell,152.7,121.4,5,6.76,35.0,5600.0
Tom McGrath,148.34,130.0,1,7.3,96.0,13000.0
Barry Sonnenfeld,148.12,133.0,5,6.3,188.0,8578.4
Alan Taylor,148.05,162.5,2,6.85,230.0,72500.0
Steve Martino,145.75,97.0,2,6.9,20.0,23500.0
Joel Zwick,144.78,15.5,2,5.45,38.0,2765.5
Joseph Kosinski,144.38,153.33,4,7.18,364.0,33000.0
Zack Snyder,143.65,110.5,8,7.18,0.0,52250.0
Alessandro Carloni,143.52,145.0,1,7.2,5.0,24000.0
Alfonso Cuarón,143.09,77.0,4,7.8,0.0,43750.0
Sam Mendes,142.23,107.75,8,7.5,0.0,34250.0
Daniel Myrick,140.53,0.06,1,6.4,19.0,0.0
Tim Burton,138.33,98.09,11,6.64,13000.0,18272.73
Eric Leighton,137.75,127.5,1,6.5,0.0,0.0
Chris Wedge,137.37,78.0,3,6.87,77.0,6666.67
Wolfgang Petersen,137.28,140.0,4,6.4,249.0,0.0
Tom Shadyac,136.35,77.5,6,6.22,293.0,493.33
Jay Roach,135.81,53.0,8,6.49,116.0,2364.12
Steven Spielberg,133.66,88.4,15,7.27,14000.0,19600.0
P.J. Hogan,126.81,46.0,1,6.3,29.0,0.0
Steve Hickner,126.6,150.0,1,6.2,58.0,0.0
Rawson Marshall Thurber,126.28,31.75,4,6.75,43.0,11250.0
Todd Phillips,125.91,42.8,7,6.66,480.0,15069.14
Mike Mitchell,125.24,73.0,4,5.68,31.0,0.0
Michael Sucsy,125.01,30.0,1,6.8,23.0,32000.0
Josh Boone,124.87,12.0,1,7.8,131.0,93000.0
Seth Gordon,124.04,50.0,3,6.07,91.0,16000.0
Rob Marshall,123.29,102.0,5,6.6,252.0,29600.0
Peter Sohn,123.07,,1,6.8,113.0,20000.0
Joe Johnston,121.76,120.75,4,6.32,394.0,11500.0
M. Night Shyamalan,121.62,72.22,9,6.04,0.0,11333.33
Stephen Sommers,121.11,106.0,3,6.03,208.0,0.0
Tony Bancroft,120.62,90.0,1,7.5,7.0,12000.0
Cody Cameron,119.79,78.0,1,6.5,18.0,15000.0
Hoyt Yeatman,119.42,150.0,1,5.1,12.0,0.0
Roland Emmerich,119.05,108.56,8,6.19,776.0,20875.0
Phil Alden Robinson,118.47,68.0,1,6.4,31.0,0.0
Bill Condon,117.97,58.75,6,6.38,386.0,23500.0
Chris Columbus,117.52,77.0,8,6.52,0.0,8375.0
Paul Feig,116.3,77.9,5,5.9,176.0,35099.6
Peyton Reed,116.23,65.5,4,6.48,235.0,15250.0
Lana Wachowski,114.54,110.58,6,6.92,0.0,11833.33
Seth MacFarlane,114.17,52.67,3,6.5,3000.0,42666.67
Ben Affleck,114.1,40.75,2,7.65,0.0,59000.0
Byron Howard,114.05,150.0,1,6.9,59.0,0.0
James Gunn,113.74,62.67,3,7.13,571.0,38333.33
David Slade,113.7,33.65,3,6.2,171.0,13666.67
James Wan,113.14,39.67,7,7.2,0.0,51428.57
Nancy Meyers,111.72,71.0,5,6.76,278.0,14600.0
Jan de Bont,111.65,106.75,4,5.1,101.0,223.5
Raja Gosnell,110.53,71.5,6,4.92,67.0,5427.83
Peter Weir,109.76,105.0,2,7.75,608.0,9000.0
Peter Billingsley,109.18,60.0,1,5.5,0.0,0.0
Kirk De Micco,108.64,86.0,2,5.9,16.0,14139.5
George Miller,108.48,116.25,4,6.58,750.0,47991.0
Betty Thomas,108.48,64.88,4,5.3,84.0,806.25
Mark Osborne,108.37,105.6,2,7.7,54.0,18500.0
Oren Peli,107.92,2.51,2,5.25,110.0,6000.0
Clay Kaytis,107.23,73.0,1,6.3,6.0,14000.0
Kenneth Branagh,107.11,66.14,7,7.06,0.0,27479.86
Noam Murro,106.37,110.0,1,6.2,263.0,71000.0
Brett Ratner,106.2,93.6,10,6.41,420.0,4344.8
Bibo Bergeron,105.78,65.0,3,6.57,10.0,0.0
Jonathan Liebesman,103.43,82.83,6,5.7,473.1666666666667,28333.33
Peter Ramsey,103.4,145.0,1,7.3,52.0,25000.0
Ron Howard,101.91,83.82,11,6.94,2000.0,12785.55
Robert Zemeckis,101.8,107.62,8,7.01,0.0,17375.0
Brenda Chapman,101.22,70.0,1,7.0,59.0,0.0
Eric Brevig,100.94,62.5,2,5.2,40.0,0.0
Brad Peyton,100.86,91.33,3,5.4,62.0,17333.33
Igor Kovalyov,100.49,24.0,1,5.9,5.0,418.0
Bo Welch,100.45,109.0,1,3.8,34.0,946.0
Rob Letterman,100.29,100.75,4,6.05,11.0,17500.0
Matt Reeves,100.24,55.75,4,6.68,198.0,17531.25
Tate Taylor,100.11,27.5,2,7.5,150.0,43000.0
Shawn Levy,98.13,65.23,12,6.03,189.0,7482.67
Tim Story,98.12,40.5,6,6.05,167.0,628.33
Paul Greengrass,98.01,68.14,7,7.59,521.0,13714.29
Judd Apatow,97.46,40.2,5,6.6,0.0,8600.0
Peter Segal,97.44,60.58,6,6.15,88.0,4022.0
David Kellogg,97.36,75.0,1,4.1,16.0,509.0
Kevin Lima,97.32,85.0,2,5.95,36.0,186.0
Elizabeth Banks,96.13,17.5,2,5.4,0.0,32500.0
Tom Hooper,96.01,28.67,3,7.73,0.0,69333.33
Louis Leterrier,95.93,81.86,7,6.54,255.0,19285.71
Michael Patrick King,95.33,100.0,1,4.3,127.0,0.0
Dennis Dugan,94.66,56.69,9,5.73,221.0,5082.11
Chris Weitz,94.64,60.0,5,6.08,129.0,2720.4
Gary Trousdale,92.08,110.0,2,6.85,21.0,0.0
Wes Ball,92.05,47.5,2,6.6,47.0,31000.0
John Lee Hancock,91.93,59.6,5,6.84,102.0,15680.4
Andy Tennant,91.17,53.17,6,6.25,72.0,0.0
Joe Pytka,90.44,80.0,1,6.3,30.0,0.0
Etan Cohen,90.35,40.0,1,6.0,164.0,14000.0
Christopher McQuarrie,90.28,69.62,4,7.02,188.0,31000.0
Jeff Tremaine,89.06,13.33,4,6.85,79.0,6660.25
Olivier Megaton,88.59,44.33,3,6.23,118.0,38666.67
Baz Luhrmann,88.58,81.4,5,7.12,1000.0,50000.0
David Fincher,88.54,70.88,8,7.81,21000.0,47750.0
Martin Campbell,88.24,103.75,8,6.65,258.0,3118.88
Adam McKay,87.41,57.0,6,6.92,285.0,26000.0
Peter Berg,87.17,94.0,6,6.67,532.0,17000.0
Adam Shankman,87.13,53.12,8,5.96,163.0,6697.62
Phyllida Lloyd,86.83,32.5,2,6.35,58.0,14000.0
Sylvester Stallone,86.63,52.0,2,6.85,13000.0,28500.0
Quentin Tarantino,85.57,48.5,6,8.05,16000.0,61333.33
Stephen Hillenburg,85.42,30.0,1,7.0,47.0,0.0
Anthony Minghella,85.19,48.67,3,7.3,333.0,0.0
Tod Williams,84.75,3.0,1,5.7,21.0,14000.0
Jon Turteltaub,84.75,70.83,6,6.43,226.0,6333.33
Ridley Scott,84.73,97.21,14,6.92,0.0,31136.5
David Frankel,84.66,41.5,4,6.6,64.0,5500.0
Roger Allers,84.3,85.0,1,6.2,28.0,863.0
Sam Taylor-Johnson,83.8,40.0,2,5.65,456.0,55500.0
Joe Roth,83.65,54.0,2,5.45,148.0,440.5
Rob Minkoff,83.42,108.6,5,5.94,50.0,2489.4
Mike Newell,83.23,88.83,6,6.8,179.0,3963.83
David Soren,83.02,135.0,1,6.5,13.0,13000.0
Len Wiseman,82.77,60.67,3,7.0,235.0,0.0
Garry Marshall,82.42,46.43,7,5.81,0.0,4485.57
Gabor Csupo,82.23,17.0,1,7.2,47.0,6000.0
John Woo,82.23,163.94,6,6.52,610.0,1833.33
Frank Marshall,81.59,40.0,1,7.3,155.0,11000.0
Rupert Wyatt,81.33,47.67,3,6.53,81.0,15666.67
Justin Lin,81.32,79.15,5,6.84,681.0,16963.2
Kenny Ortega,81.2,20.55,4,5.45,197.0,146.5
Walt Becker,81.14,43.67,4,5.68,12.0,0.0
Rob Cohen,80.83,59.55,11,5.78,357.0,6454.55
Neill Blomkamp,80.09,64.67,3,7.17,662.0,50000.0
McG,80.05,95.0,6,6.08,368.0,4666.67
Jonathan Mostow,79.03,94.5,4,6.55,84.0,0.0
Robert Schwentke,78.84,83.67,6,6.35,124.0,17333.33
Tim Hill,77.47,39.75,5,5.44,25.0,292.0
Luc Jacquet,77.41,8.0,1,7.6,10.0,0.0
Stig Bergqvist,76.5,30.0,1,6.1,0.0,181.0
Clark Johnson,76.46,70.0,2,6.05,69.0,345.0
Paul King,76.14,55.0,1,7.2,17.0,30000.0
Mark Dindal,76.08,94.0,3,6.67,10.0,518.33
Hideo Nakata,75.89,,1,5.4,62.0,0.0
Anne Fletcher,75.53,31.4,5,6.04,98.0,2000.0
J.B. Rogers,75.31,27.5,2,5.65,6.0,147.5
Stefen Fangmeier,75.03,100.0,1,5.1,14.0,0.0
Takashi Shimizu,74.66,15.0,2,5.45,70.0,2465.0
Clint Eastwood,74.54,46.05,15,7.19,16000.0,17180.33
David O. Russell,74.36,31.12,8,6.78,737.0,30478.0
Doug Liman,74.15,67.39,7,7.13,218.0,12285.71
Frank Coraci,74.11,67.43,8,5.9,153.0,4500.0
Ben Falcone,73.78,24.5,2,5.1,265.0,5500.0
Steve Carr,73.77,41.88,4,5.35,41.0,288.0
Chuck Russell,73.65,54.5,4,5.48,55.0,98.5
Michael Lembeck,73.64,40.0,2,5.9,54.0,962.0
James L. Brooks,73.3,83.33,3,6.5,274.0,3666.67
Nora Ephron,73.29,56.67,3,6.17,0.0,4392.33
Kelly Asbury,73.22,80.0,1,7.0,21.0,4000.0
Martin Scorsese,73.21,91.62,9,7.59,17000.0,29111.11
Josh Gordon,72.96,40.0,2,6.2,8.0,0.0
Marc Forster,72.87,63.39,8,7.15,395.0,20377.75
Jim Gillespie,72.22,36.0,2,5.45,13.0,224.0
James Bobin,72.22,88.33,3,6.63,33.0,22000.0
Jon M. Chu,72.12,57.2,5,5.34,209.0,27000.0
Dan Trachtenberg,71.9,15.0,1,7.3,16.0,33000.0
F. Gary Gray,71.86,40.86,7,6.89,473.0,14285.71
Mimi Leder,71.74,55.0,3,6.4,75.0,5333.33
James DeMonaco,71.6,7.33,3,6.1,65.0,15333.33
Andrés Muschietti,71.59,20.0,1,6.2,127.0,57000.0
Nicholas Stoller,71.56,28.25,5,6.44,89.0,8800.0
Randall Wallace,71.53,39.25,4,6.62,130.0,7000.0
Sharon Maguire,71.5,26.0,1,6.7,11.0,0.0
Roger Michell,71.26,42.33,3,6.67,50.0,3666.67
Ron Clements,71.25,122.5,2,7.1,63.0,2500.0
Guillermo del Toro,71.17,81.7,5,7.14,0.0,22600.0
Simon West,71.01,62.12,8,6.02,165.0,15610.62
Jason Reitman,70.88,12.75,6,7.2,655.0,6500.0
Lee Daniels,70.57,16.67,3,7.27,304.0,21666.67
Mike McCoy,70.01,12.0,1,6.5,16.0,15000.0
James Mangold,69.3,54.0,8,7.07,446.0,12875.0
Ang Lee,69.16,52.71,7,7.19,0.0,19376.14
Peter Lord,68.92,50.0,2,6.85,91.0,0.0
Robert Luketic,68.66,41.67,6,6.0,126.0,1646.0
Thor Freudenthal,68.53,46.67,3,5.83,87.0,9666.67
Steven Soderbergh,68.4,42.8,15,6.67,0.0,10375.8
Stephen Norrington,68.23,61.5,2,6.45,45.0,0.0
Catherine Hardwicke,67.68,28.75,7,5.99,308.0,9086.29
Tony Gilroy,67.58,70.0,3,6.73,209.0,10333.33
Alex Proyas,67.56,84.25,4,6.62,295.0,9500.0
Mark Steven Johnson,67.03,70.0,2,6.05,160.0,0.0
Will Gluck,66.71,36.0,3,6.3,87.0,25333.33
Keenen Ivory Wayans,66.23,48.67,3,4.97,322.0,0.0
Gregory Jacobs,66.01,14.8,1,5.7,13.0,41000.0
John Singleton,65.74,43.6,5,6.02,309.0,2800.0
Mark Waters,65.72,43.33,6,6.3,70.0,2435.5
Luis Llosa,65.56,45.0,1,4.6,49.0,0.0
Richard Donner,65.55,86.75,4,6.38,503.0,0.0
Jason Moore,65.0,17.0,1,7.2,36.0,36000.0
Andrew Douglas,64.26,19.0,1,6.0,15.0,0.0
Peter Lepeniotis,64.24,42.0,1,5.8,7.0,0.0
Steven Brill,64.16,47.25,4,5.68,65.0,175.5
Guy Ritchie,63.93,41.37,8,7.26,0.0,23715.62
David McNally,63.76,52.5,2,5.0,18.0,429.0
Gavin Hood,63.53,72.62,4,6.88,151.0,30750.0
Frank Darabont,63.4,50.0,3,7.53,0.0,16666.67
D.J. Caruso,63.4,39.6,5,6.74,154.0,5800.0
Ryan Coogler,62.91,17.95,2,7.6,0.0,43500.0
Thomas Carter,62.81,19.33,3,6.67,49.0,0.0
Bobby Farrelly,62.79,40.78,10,6.13,101.0,8300.0
Jesse Dylan,62.7,37.33,3,6.03,58.0,247.67
Sean Anders,62.51,45.25,4,6.12,51.0,9250.0
Scott Derrickson,62.48,42.6,5,6.14,301.0,15200.0
George Nolfi,62.45,50.2,1,7.1,53.0,36000.0
Babak Najafi,62.4,60.0,1,5.9,24.0,28000.0
Måns Mårlind,62.32,70.0,1,6.4,24.0,24000.0
Henry Joost,62.26,10.0,3,5.83,24.0,16666.67
Baltasar Kormákur,61.77,47.0,3,6.77,175.0,20666.67
Cameron Crowe,61.6,51.5,7,6.63,488.0,8428.57
Gabriele Muccino,61.47,37.5,4,6.98,125.0,14570.5
Dean Parisot,61.35,61.0,4,6.28,23.0,10811.75
Andy Fickman,60.91,30.33,6,5.77,99.0,1333.33
Bruce Beresford,60.77,39.0,3,7.27,78.0,68.33
Dominic Sena,60.56,68.33,3,6.17,57.0,0.0
Ben Stiller,60.56,61.4,5,6.34,0.0,19600.0
James Algar,60.51,80.0,1,7.3,11.0,607.0
Dave Green,60.28,74.0,2,6.05,13.0,6000.0
Michael McCullers,60.27,30.0,1,6.0,5.0,0.0
Edward Zwick,60.14,77.2,5,7.06,380.0,7795.0
John R. Leonetti,60.1,18.25,2,4.55,40.0,23000.0
Forest Whitaker,60.03,30.0,1,5.9,0.0,0.0
Jonathan Dayton,59.89,8.0,1,7.9,36.0,15000.0
Tom Dey,59.74,51.67,3,5.47,9.0,666.67
Christopher Spencer,59.7,22.0,1,5.6,25.0,15000.0
Josh Trank,58.93,84.0,3,5.23,128.0,38000.0
John Francis Daley,58.88,31.0,1,6.1,0.0,28000.0
Ash Brannon,58.87,100.0,1,6.8,9.0,0.0
Matthew Vaughn,58.78,66.0,4,7.65,905.0,26250.0
Michael Apted,58.76,77.2,5,6.32,150.0,5270.4
Boaz Yakin,58.47,26.67,3,7.03,132.0,15000.0
Matthew O'Callaghan,58.34,50.0,1,6.6,5.0,624.0
Greg Mottola,58.29,30.0,3,7.13,99.0,14000.0
Michael Mann,58.26,82.0,5,6.94,0.0,2200.0
Antoine Fuqua,58.2,47.25,8,6.94,845.25,18703.62
Angelina Jolie Pitt,58.01,38.25,4,6.0,11000.0,17500.0
Lee Tamahori,57.9,76.0,5,6.14,93.0,2800.0
Timur Bekmambetov,57.86,69.64,6,6.22,335.0,16333.33
Marc Lawrence,57.82,59.0,3,5.77,30.0,0.0
Darren Lynn Bousman,57.65,6.6,5,6.56,163.0,1741.4
Cal Brunker,57.01,40.0,1,5.9,7.0,0.0
Kevin Rodney Sullivan,56.86,24.33,3,5.7,8.0,394.67
Tyler Perry,56.84,16.5,9,4.9,0.0,386.67
Ethan Coen,56.82,25.0,7,7.11,1000.0,16571.43
David Hackl,56.73,10.4,1,5.55,43.0,0.0
Brian Levant,56.71,43.0,5,4.82,32.0,254.6
Jerry Zucker,56.61,48.0,1,6.4,109.0,0.0
David F. Sandberg,56.54,4.9,1,6.9,26.0,0.0
Thea Sharrock,56.15,20.0,1,7.6,17.0,51000.0
Steve Box,56.07,30.0,1,7.5,9.0,0.0
Chris Butler,55.99,60.0,1,7.0,28.0,12000.0
Gary Shore,55.94,70.0,1,6.3,28.0,37000.0
Stuart Baird,55.93,57.5,2,6.4,53.0,0.0
David Zucker,55.81,29.75,4,4.88,119.0,552.0
Paul Weitz,55.77,34.83,6,6.02,80.0,1006.0
Stanley Kubrick,55.64,65.0,1,7.3,0.0,10000.0
Tarsem Singh,55.5,54.75,4,6.12,763.0,14750.0
Vincent Ward,55.35,85.0,1,7.0,25.0,32000.0
Lawrence Guterman,55.19,72.0,2,3.7,6.0,440.5
Mark A.Z. Dippé,54.97,40.0,1,5.2,20.0,0.0
Luc Besson,54.84,152.25,4,6.62,0.0,25485.25
Wes Craven,54.76,28.75,8,5.76,0.0,4625.0
Nima Nourizadeh,54.72,12.0,1,6.7,166.0,29000.0
John A. Davis,54.53,40.0,2,5.95,8.0,509.0
Brian De Palma,54.43,54.83,6,6.12,0.0,352.33
Fede Alvarez,54.24,17.0,1,6.5,201.0,70000.0
Evan Goldberg,53.79,38.0,2,6.65,133.0,73500.0
Roger Spottiswoode,53.63,77.33,3,6.5,55.0,333.33
John Hamburg,53.07,27.67,3,6.37,29.0,52.33
Ted Demme,52.94,30.0,1,7.6,47.0,13000.0
Ruben Fleischer,52.88,37.2,3,6.83,181.0,22000.0
Adrian Lyne,52.75,50.0,1,6.7,213.0,0.0
Albert Hughes,52.67,50.0,3,6.83,117.0,6666.67
Larry Charles,52.33,31.88,5,6.54,119.0,16731.0
Alejandro Agresti,52.32,40.0,1,6.8,18.0,0.0
Leigh Whannell,52.2,10.0,1,6.1,482.0,29000.0
Bennett Miller,52.18,28.5,2,7.5,152.0,13500.0
Tony Scott,52.16,79.57,7,6.71,12000.0,4571.43
Sydney Pollack,51.79,72.0,2,5.75,521.0,147.5
Curtis Hanson,51.62,46.5,4,7.15,161.0,2918.0
Jonathan Frakes,51.47,46.5,4,5.85,906.0,1327.75
Robert Rodriguez,51.15,33.09,11,5.45,0.0,5599.09
Cory Edwards,51.05,17.5,1,6.5,19.0,0.0
Nick Cassavetes,51.05,33.75,4,7.07,415.0,22000.0
Garth Jennings,51.02,50.0,1,6.8,37.0,10000.0
Oliver Stone,50.89,68.85,6,6.25,0.0,6833.33
Stiles White,50.82,5.0,1,4.4,10.0,18000.0
Sam Fell,50.82,60.0,1,6.1,18.0,0.0
Graham Annable,50.81,60.0,1,6.8,7.0,11000.0
Alexander Witt,50.74,45.0,1,6.2,38.0,0.0
Russell Mulcahy,50.65,27.0,2,5.95,85.0,77.0
Gary Winick,50.63,24.29,5,6.14,56.0,2626.4
R.J. Cutler,50.46,11.0,1,6.8,15.0,15000.0
Rob Bowman,50.45,56.33,3,6.0,38.0,0.0
Darren Grant,50.38,5.5,1,5.6,0.0,0.0
Alexander Payne,50.33,16.4,5,7.42,729.0,10000.0
Kevin Donovan,50.19,60.0,1,5.3,11.0,797.0
Jorge R. Gutiérrez,50.15,50.0,1,7.3,34.0,18000.0
Rupert Wainwright,50.04,29.0,1,6.2,9.0,0.0
Jaume Collet-Serra,50.0,33.86,8,6.47,174.0,14625.0
Anthony Hemingway,49.88,58.0,1,5.9,143.0,0.0
Ken Kwapis,49.22,35.0,4,6.2,42.0,3228.25
Ole Bornedal,49.12,14.0,2,5.9,30.0,17000.0
Ivan Reitman,49.08,37.5,4,5.95,425.0,9750.0
Kathryn Bigelow,48.86,51.67,3,7.23,0.0,18333.33
Florian Henckel von Donnersmarck,48.85,67.33,3,6.83,207.0,29666.67
Aaron Seltzer,48.55,20.0,1,2.7,64.0,806.0
Brian Helgeland,48.43,44.6,5,6.72,241.0,14340.8
Robin Budd,48.42,20.0,1,5.8,2.0,302.0
David Ayer,48.36,48.86,7,6.77,452.7142857142857,31428.57
Donald Petrie,48.32,38.5,6,5.65,80.0,118.0
Harold Ramis,48.03,48.6,5,5.9,11000.0,169.2
Jennifer Flackett,48.01,37.0,1,6.0,3.0,0.0
Cedric Nicolas-Troyan,47.95,115.0,1,6.1,19.0,16000.0
Luke Greenfield,47.94,24.75,4,6.0,42.0,7000.0
Steve Trenbirth,47.89,20.0,1,5.4,0.0,227.0
Mennan Yapo,47.85,20.0,1,5.9,9.0,0.0
Alejandro G. Iñárritu,47.83,40.0,6,7.78,0.0,57333.33
Mick Jackson,47.47,90.0,1,5.4,81.0,2000.0
Jon Hurwitz,47.41,31.0,2,6.65,22.0,19500.0
John Madden,47.27,24.4,5,6.78,108.0,13800.0
Hugh Wilson,47.21,27.67,3,5.53,37.0,90.67
Sam Weisman,47.16,39.25,4,5.45,39.0,1475.75
John Moore,47.03,53.0,4,5.8,212.0,16750.0
Christophe Gans,46.98,50.0,1,6.6,50.0,0.0
Joel Schumacher,46.82,46.89,9,6.38,541.0,1199.11
Christian Ditter,46.81,38.0,1,6.1,11.0,15000.0
Glenn Ficarra,46.71,37.7,3,6.87,43.0,26000.0
Sarah Smith,46.44,100.0,1,7.1,6.0,0.0
David Bowers,46.43,64.25,4,6.5,42.0,0.0
Frank Oz,46.32,44.33,6,6.58,0.0,0.0
Charles Martin Smith,46.31,25.33,3,6.13,188.0,300.67
Morten Tyldum,46.16,22.15,2,7.85,77.0,94000.0
Neil Burger,46.14,26.55,5,7.1,168.0,15973.0
Tom Vaughan,46.07,33.0,2,6.3,12.0,0.0
John Luessenhop,46.04,15.5,2,5.5,34.0,8000.0
Paul Weiland,46.01,40.0,1,5.8,10.0,3000.0
Gus Van Sant,45.95,18.3,5,7.2,835.0,10200.0
David S. Goyer,45.89,32.33,3,5.17,687.0,0.0
Francis Ford Coppola,45.86,23.5,2,5.95,0.0,0.0
Patrick Tatopoulos,45.8,35.0,1,6.6,148.0,0.0
Kevin Reynolds,45.55,27.5,2,7.0,58.0,10500.0
Jun Falkenstein,45.54,30.0,1,6.3,25.0,347.0
Jon Lucas,45.53,17.67,3,6.43,24.0,15666.67
George Clooney,45.42,35.4,5,6.76,0.0,11894.4
Callie Khouri,45.13,24.5,2,5.9,144.0,343.5
Steven Quale,45.06,45.0,2,5.85,77.0,17500.0
Pierre Morel,45.04,32.25,4,6.85,180.0,7250.0
Breck Eisner,45.03,80.0,3,6.17,42.0,7000.0
Brad Silberling,44.99,58.67,3,6.27,52.0,121.67
Phillip Noyce,44.96,43.0,7,6.73,176.0,11775.71
Brian Gibson,44.83,44.0,1,5.6,13.0,353.0
Michael Moore,44.8,5.25,5,7.24,909.0,2813.8
Julie Anne Robinson,44.67,30.0,2,5.55,30.0,14500.0
Michel Hazanavicius,44.67,15.0,1,8.0,405.0,30000.0
Eugenio Derbez,44.46,5.0,1,7.6,399.0,14000.0
Steve Oedekerk,44.36,28.67,3,6.17,176.0,201.67
Jon Amiel,44.21,48.67,3,6.07,36.0,0.0
Theodore Melfi,44.13,13.0,1,7.3,51.0,33000.0
Paul Verhoeven,44.1,73.67,3,6.9,719.0,0.0
Gary David Goldberg,43.89,30.0,1,5.9,30.0,0.0
Joel Edgerton,43.77,5.0,2,7.1,0.0,15000.0
Ryan Murphy,43.66,36.0,2,5.95,708.0,13000.0
Audrey Wells,43.6,18.0,1,6.7,22.0,0.0
Scott Waugh,43.57,66.0,1,6.5,76.0,32000.0
Lasse Hallström,43.43,25.75,7,7.02,529.0,28168.5
Ric Roman Waugh,42.92,15.0,2,6.5,29.0,12000.0
Alan J. Pakula,42.88,86.0,1,6.1,79.0,979.0
Jim Fall,42.67,17.0,1,5.3,13.0,0.0
James Gartner,42.64,,1,7.2,0.0,0.0
Andrew Davis,42.64,51.67,3,6.07,99.0,647.0
Jay Russell,42.6,25.0,3,6.73,13.0,0.0
Michael Dougherty,42.59,15.0,1,6.2,66.0,27000.0
Daniel Espinosa,42.51,67.5,3,6.63,79.0,12333.33
Sylvain White,42.44,19.5,2,5.8,41.0,0.0
Jorge Blanco,42.19,70.0,1,6.1,2.0,0.0
John Whitesell,42.17,30.75,5,4.88,14.0,411.2
Drew Goddard,42.04,30.0,1,7.0,246.0,66000.0
Darren Aronofsky,41.89,30.59,6,7.48,0.0,45333.33
Jared Hess,41.62,16.2,3,6.23,100.0,0.0
Mikael Håfström,41.54,33.5,4,6.52,101.0,17000.0
James McTeigue,41.54,35.0,4,6.65,160.0,20750.0
Barbra Streisand,41.25,42.0,1,6.5,0.0,0.0
Mathieu Kassovitz,41.06,55.0,2,5.7,326.0,0.0
Daniel Stamm,40.99,1.8,1,5.6,13.0,0.0
Gil Kenan,40.77,65.0,2,6.55,27.0,0.0
Don Bluth,40.52,62.5,2,6.85,383.0,0.0
Perry Andelin Blake,40.36,16.0,1,3.3,11.0,1000.0
Henry Selick,40.34,67.5,2,6.2,253.0,5341.5
David Mirkin,40.33,35.0,1,6.2,7.0,989.0
Michael Lehmann,40.29,17.0,2,5.6,36.0,1000.0
Beeban Kidron,40.2,40.0,1,5.9,17.0,0.0
Pitof,40.2,100.0,1,3.3,26.0,0.0
James Wong,40.16,35.5,4,5.28,70.0,0.0
Chris Stokes,40.07,6.0,2,3.85,548.0,265.5
Cathy Malkasian,39.88,25.0,1,5.2,0.0,187.0
John Polson,39.83,19.25,2,5.45,21.0,360.0
Jake Kasdan,39.78,25.0,4,6.12,52.0,4126.75
Steve Antin,39.44,55.0,1,6.4,59.0,19000.0
John Eng,39.4,25.0,1,5.6,0.0,329.0
Peter Chelsom,39.36,49.5,5,5.78,23.0,2410.6
Patrick Hughes,39.29,90.0,1,6.1,385.0,56000.0
Harald Zwart,39.23,43.0,2,5.5,91.0,22271.0
Charles Stone III,39.1,25.0,2,5.6,30.0,1245.5
José Padilha,39.07,68.0,3,6.83,294.0,43666.67
Simon Wells,39.03,115.0,2,5.65,25.0,1500.0
Michel Gondry,38.94,40.75,4,6.92,1000.0,16658.75
David R. Ellis,38.64,30.33,6,5.52,160.0,1666.67
David Twohy,38.59,45.0,4,6.68,123.0,12000.0
Phil Joanou,38.43,17.0,2,5.8,21.0,0.0
Luis Mandoki,38.42,46.5,2,5.85,43.0,344.5
Iain Softley,38.42,50.33,3,6.67,34.0,0.0
John Crowley,38.32,11.0,1,7.5,34.0,36000.0
Carl Rinsch,38.3,175.0,1,6.3,47.0,35000.0
George Tillman Jr.,38.24,24.38,4,6.93,88.0,8877.0
Denis Villeneuve,38.23,27.6,3,7.97,777.0,60666.67
Les Mayfield,38.17,46.6,5,5.5,10.0,268.4
Paul W.S. Anderson,38.12,61.44,9,6.01,545.0,11111.11
Stephen Hopkins,37.97,58.33,4,6.17,81.0,0.0
Kevin Costner,37.96,51.0,2,6.75,0.0,0.0
Joel Gallen,37.88,16.0,1,5.7,11.0,0.0
Scott Cooper,37.78,27.33,3,7.03,108.0,20333.33
Kerry Conran,37.76,70.0,1,6.1,14.0,0.0
Joan Chen,37.75,40.0,1,5.5,643.0,0.0
Chris Koch,37.71,16.5,2,5.25,13.0,200.5
John Hoffman,37.57,17.0,1,5.1,9.0,309.0
Alan Poul,37.48,35.0,1,5.3,16.0,0.0
Joe Dante,37.45,44.0,3,5.83,287.0,221.67
Stephen Gaghan,37.45,41.67,3,6.3,79.0,87.0
William Brent Bell,37.37,6.67,3,5.1,19.0,10666.67
Taylor Hackford,37.33,44.4,5,6.66,138.0,5905.6
Christian E. Christiansen,37.3,16.0,1,4.8,26.0,0.0
Steve Pink,37.04,20.83,3,5.87,38.0,4000.0
Edward Norton,37.04,30.0,1,6.4,0.0,0.0
Spike Jonze,36.97,38.75,4,7.58,0.0,39750.0
Wayne Wang,36.96,28.6,4,6.02,61.0,327.6
John McTiernan,36.88,63.25,4,5.72,323.0,146.0
Chris Nahon,36.83,25.0,1,6.6,20.0,0.0
Chuck Sheetz,36.7,23.0,1,6.5,6.0,227.0
Kevin Greutert,36.67,15.5,2,5.8,52.0,6000.0
David Dobkin,36.6,40.0,4,6.65,71.0,15367.5
Mike Nichols,36.47,54.25,4,6.68,0.0,3235.75
Peter Hewitt,36.45,33.0,3,5.0,12.0,429.67
Nelson McCormick,36.44,20.0,2,4.75,29.0,500.0
Kirk Jones,36.29,21.4,5,6.6,52.0,8600.0
Jean-Jacques Annaud,36.08,65.89,3,7.23,218.0,666.67
Barry Cook,36.07,80.0,1,5.2,43.0,0.0
Diane Keaton,36.04,60.0,1,4.7,0.0,390.0
Jon Avnet,36.02,50.0,3,6.0,50.0,276.33
Michael Tollin,35.99,34.5,2,5.9,19.0,238.0
Steve Beck,35.97,27.5,2,5.5,17.0,0.0
Frederik Du Chau,35.95,40.0,2,5.7,7.0,385.5
Frank Miller,35.88,55.0,3,6.47,436.0,15666.67
Andrzej Bartkowiak,35.82,33.2,5,5.26,43.0,348.4
Gil Junger,35.8,33.0,2,6.0,19.0,5000.0
Robert Lorenz,35.75,,1,6.8,39.0,11000.0
Kevin Bray,35.67,35.0,2,5.95,10.0,265.0
John Pasquin,35.62,41.5,2,5.25,11.0,394.5
Scott Hicks,35.58,25.1,5,6.84,96.0,5969.2
Duncan Jones,35.56,65.67,3,7.57,0.0,64000.0
Dan Mazer,35.54,11.5,1,6.0,11.0,11000.0
Gregory Nava,35.42,20.0,1,6.7,16.0,0.0
Carl Franklin,35.22,40.67,3,6.6,73.0,828.33
Malcolm D. Lee,35.21,21.2,7,5.79,92.0,3189.57
Scott Speer,35.06,33.0,1,6.5,35.0,19000.0
Todd Strauss-Schulson,35.03,19.0,1,6.3,12.0,21000.0
Mark Helfrich,35.0,25.0,1,5.6,7.0,0.0
Rian Johnson,34.99,25.0,2,7.15,0.0,37500.0
J Blakeson,34.91,38.0,1,5.2,5.0,14000.0
Joe Wright,34.86,85.43,8,6.64,456.0,21875.0
Martin Lawrence,34.75,8.0,1,5.6,0.0,559.0
Liz Friedlander,34.7,30.0,1,6.7,3.0,0.0
Scott Stewart,34.65,43.0,2,5.45,124.0,10000.0
Florent-Emilio Siri,34.64,52.0,1,6.6,17.0,0.0
Milos Forman,34.58,52.0,1,7.4,869.0,0.0
Peter Landesman,34.53,35.0,1,7.1,15.0,23000.0
Patty Jenkins,34.47,4.5,1,7.3,260.0,0.0
Jonathan Levine,34.47,12.44,4,6.8,129.0,30750.0
Paul Haggis,34.26,16.0,4,7.6,549.0,15750.0
John Schlesinger,34.06,22.5,2,5.4,154.0,495.5
Ari Sandel,34.02,8.5,1,6.5,17.0,8000.0
Kelly Makin,33.86,40.0,1,5.8,6.0,445.0
Jonathan Demme,33.86,67.5,3,6.4,438.0,284.33
Phil Traill,33.86,15.0,1,4.8,3.0,0.0
Mark Rosman,33.84,22.5,2,5.7,15.0,383.5
Matt Williams,33.77,15.0,1,6.8,18.0,0.0
Jonathan Hensleigh,33.68,33.0,1,6.5,36.0,4000.0
Kent Alterman,33.47,55.0,1,5.8,3.0,0.0
John Patrick Shanley,33.42,20.0,1,7.5,53.0,0.0
Dinesh D'Souza,33.35,2.5,1,5.1,67.0,0.0
Jessie Nelson,33.28,19.5,2,6.65,24.0,7500.0
Robert Redford,33.15,45.0,4,6.6,0.0,0.0
Jimmy Hayward,33.14,51.0,2,5.3,39.0,0.0
Terry Zwigoff,33.13,12.5,2,7.25,72.0,7500.0
Angela Robinson,33.05,26.75,2,5.0,23.0,1000.0
Pete Travis,33.02,36.67,3,6.93,38.0,30666.67
Marcus Raboy,32.98,20.0,2,5.5,7.0,691.5
Harold Becker,32.85,53.25,4,5.98,17.0,167.5
Brian Robbins,32.81,35.17,6,5.53,48.0,364.67
Sanaa Hamri,32.8,,2,6.0,43.0,447.0
Richard Loncraine,32.79,40.5,2,6.05,12.0,386.5
Dennis Iliadis,32.72,15.0,2,6.6,29.0,0.0
John Gatins,32.7,32.0,1,6.9,61.0,0.0
Joel Coen,32.68,33.67,3,7.43,0.0,17000.0
Bonnie Hunt,32.66,24.0,1,6.9,597.0,0.0
Steve Bendelack,32.55,25.0,1,6.3,68.0,0.0
Joe Carnahan,32.54,16.5,3,6.9,248.0,12000.0
Danny Leiner,32.48,11.0,2,6.3,8.0,0.0
Christopher Landon,32.45,5.0,1,5.0,52.0,10000.0
Peter Hyams,32.43,53.75,4,5.08,0.0,1010.0
Charles Herman-Wurmfeld,32.42,15.62,3,6.2,0.0,559.67
Grant Heslov,32.42,25.0,1,6.2,293.0,15000.0
Roger Donaldson,32.37,51.2,5,6.92,79.0,2200.0
Dan Gilroy,32.28,8.5,1,7.9,66.0,65000.0
Jason Friedberg,32.2,23.75,4,2.6,82.0,4000.0
Marco Schnabel,32.18,62.0,1,3.8,12.0,0.0
Hironobu Sakaguchi,32.13,137.0,1,6.4,6.0,0.0
Adam Brooks,31.97,,1,7.2,20.0,0.0
Steven Zaillian,31.96,57.5,2,6.35,234.0,500.0
Danny Boyle,31.9,21.17,9,7.39,0.0,21333.33
Barbet Schroeder,31.87,50.0,2,6.1,58.0,0.0
Patrick Lussier,31.74,25.75,4,5.4,71.0,3877.25
Shane Acker,31.74,30.0,1,7.1,30.0,13000.0
Kirsten Sheridan,31.66,30.0,1,7.5,59.0,18000.0
Mark Tonderai,31.61,6.9,1,5.6,13.0,10000.0
Jim Field Smith,31.58,20.0,1,6.4,14.0,0.0
Colin Strause,31.58,25.0,2,4.55,25.0,6500.0
Ronny Yu,31.55,29.5,4,5.5,31.0,750.0
Levan Gabriadze,31.54,1.0,1,5.7,6.0,13000.0
Dwight H. Little,31.53,25.0,1,4.6,27.0,686.0
John Schultz,31.49,27.67,3,5.4,13.0,638.67
Wes Anderson,31.44,24.0,7,7.63,0.0,34285.71
David Moreau,31.4,12.0,1,5.4,0.0,0.0
Christopher Erskin,31.18,12.0,1,4.3,4.0,243.0
Gregory Hoblit,30.92,42.0,3,6.6,40.0,332.33
John Frankenheimer,30.88,43.0,3,5.8,287.0,284.0
Salim Akil,30.85,11.8,2,5.7,70.0,0.0
Brad Furman,30.75,31.67,3,6.73,65.0,8333.33
Jay Chandrasekhar,30.73,19.31,4,6.02,422.0,178.25
Tom Hanks,30.69,28.0,2,6.5,15000.0,0.0
Tamra Davis,30.55,10.67,3,4.43,33.0,0.0
Steve McQueen,30.33,13.25,2,7.7,0.0,53000.0
John Fortenberry,30.32,17.0,1,6.2,12.0,0.0
Bob Dolman,30.31,10.0,1,5.6,7.0,744.0
Rick Rosenthal,30.26,15.0,1,4.1,28.0,0.0
Gary Fleder,30.2,35.8,5,6.58,39.0,3372.4
Michael Spierig,29.98,20.0,1,6.5,35.0,0.0
Mark Pellington,29.8,26.75,2,6.85,89.0,0.0
Penny Marshall,29.78,48.0,1,6.4,545.0,0.0
John McNaughton,29.75,20.0,1,6.5,39.0,0.0
Kinka Usher,29.66,65.0,1,6.0,18.0,0.0
Robert Iscove,29.62,12.67,3,4.4,7.0,162.33
Sara Sugarman,29.3,15.0,1,4.6,10.0,810.0
Jonathan Lynn,29.26,23.67,3,6.43,36.0,159.33
Bob Spiers,29.25,25.0,1,3.3,14.0,0.0
Will Finn,29.24,90.0,2,5.5,6.0,2652.0
Jamie Blanks,29.22,12.0,2,5.1,9.0,0.0
Ed Decter,28.97,13.0,1,5.9,13.0,1000.0
Joe Charbanic,28.93,33.0,1,5.3,10.0,463.0
Patricia Riggen,28.82,19.5,3,7.03,36.0,5333.33
Ericson Core,28.77,105.0,2,5.3,19.0,37000.0
Juan Carlos Fresnadillo,28.64,15.0,1,7.0,35.0,0.0
Trey Parker,28.46,17.33,3,7.07,406.0,0.0
John Erick Dowdle,28.44,8.0,4,6.3,66.0,11500.0
Greg Coolidge,28.44,12.0,1,5.5,27.0,0.0
David Wain,28.42,16.62,4,5.75,136.0,228.75
John Stainton,28.4,13.0,1,5.4,0.0,332.0
Geoffrey Sax,28.26,25.0,2,5.3,13.0,411.5
Barry Levinson,28.2,39.12,8,6.28,272.0,1711.25
Martha Coolidge,28.17,,1,5.9,57.0,0.0
Preston A. Whitmore II,28.07,9.3,2,4.1,17.0,122.0
Tommy Wirkola,27.86,25.4,2,6.25,75.0,34000.0
Niki Caro,27.86,19.33,3,7.43,51.0,7000.0
Ciarán Foy,27.74,10.0,1,5.2,11.0,13000.0
Michael Caton-Jones,27.73,63.33,3,5.57,105.0,393.33
Burr Steers,27.72,25.25,4,6.42,23.0,18459.5
Mike Flanagan,27.69,2.54,2,6.15,59.0,13000.0
Kevin Munroe,27.66,27.0,2,5.7,14.0,0.0
Richard Curtis,27.55,28.5,3,7.63,628.0,59333.33
Alan Parker,27.54,43.33,3,7.03,317.0,0.0
Akiva Schaffer,27.54,68.0,3,6.03,82.0,10000.0
Ron Underwood,27.52,95.0,2,4.7,31.0,208.0
Gary Hardwick,27.46,6.0,1,6.3,10.0,478.0
Rob Reiner,27.45,32.17,6,6.5,0.0,6702.67
Fred Wolf,27.4,22.5,2,5.4,29.0,423.5
Jim Sheridan,27.32,36.75,4,6.3,260.0,5000.0
James Watkins,27.16,17.0,2,6.6,43.0,14500.0
Sean McNamara,27.13,16.5,2,6.5,80.0,8000.0
Peter Hedges,27.11,12.65,2,6.85,54.0,5500.0
Kirk Wong,27.05,13.0,1,6.1,6.0,934.0
William Malone,27.03,30.5,2,4.45,37.0,306.0
Rick Friedberg,26.91,18.0,1,5.3,8.0,588.0
Diane English,26.9,16.5,1,4.9,15.0,0.0
Eric Valette,26.88,20.0,2,3.9,2.0,0.0
Jessica Bendinger,26.87,,1,6.4,31.0,0.0
Roger Kumble,26.74,29.5,3,5.27,16.0,0.0
Howard Deutch,26.74,43.33,3,5.97,41.0,154.0
Renny Harlin,26.69,45.11,9,5.47,212.0,2531.0
Stephen J. Anderson,26.69,30.0,1,7.3,15.0,0.0
Gina Prince-Bythewood,26.61,11.0,3,7.13,107.0,0.0
Ethan Maniquis,26.59,10.5,1,6.7,20.0,44000.0
Jason Zada,26.58,10.0,1,4.8,4.0,10000.0
Bronwen Hughes,26.54,13.0,1,5.9,15.0,833.0
Warren Beatty,26.53,30.0,1,6.8,631.0,0.0
Joe Berlinger,26.42,15.0,1,4.0,31.0,949.0
Sam Miller,26.3,7.85,2,5.75,12.0,54.0
Patrick Gilmore,26.29,60.0,1,6.7,0.0,880.0
Troy Miller,26.1,19.0,1,3.4,14.0,1000.0
Ava DuVernay,26.07,10.1,2,7.0,151.0,11284.5
Alex Kendrick,26.05,0.66,4,6.78,589.0,2681.25
Tom Gormican,26.05,8.0,1,6.1,19.0,0.0
Des McAnuff,26.0,76.0,1,4.1,5.0,413.0
Scott Frank,25.98,28.0,1,6.5,71.0,15000.0
Masayuki Ochiai,25.93,8.0,1,5.2,5.0,0.0
Stephen Daldry,25.92,25.5,5,7.4,335.0,10800.0
David Gelb,25.8,3.3,1,5.2,26.0,0.0
John Wells,25.69,22.5,2,6.95,53.0,27500.0
Mel Gibson,25.68,35.0,2,7.45,0.0,13500.0
Denzel Washington,25.65,13.75,2,7.45,18000.0,0.0
Damien Dante Wayans,25.62,25.0,1,3.5,82.0,657.0
Olatunde Osunsanmi,25.46,10.0,1,5.9,58.0,15000.0
Alex Garland,25.44,15.0,1,7.7,232.0,109000.0
Jean-Marc Vallée,25.39,18.33,3,7.47,212.0,34333.33
Tom McCarthy,25.36,10.25,2,7.9,310.0,40000.0
Ron Shelton,25.34,39.75,4,5.9,41.0,564.0
Alexandre Aja,25.28,19.05,4,6.22,192.0,4500.0
Dan Cutforth,25.24,12.0,1,5.9,4.0,0.0
Chris Rock,25.21,23.6,3,5.8,0.0,375.33
Pat O'Connor,25.18,40.0,1,6.7,7.0,8000.0
John Stockwell,25.17,27.75,3,6.75,134.0,0.0
Robert Eggers,25.14,3.5,1,6.8,22.0,43000.0
Martin Brest,25.13,72.0,2,4.75,102.0,6000.0
Gary McKendry,25.09,35.0,1,6.5,5.0,17000.0
Anthony Bell,25.08,20.0,1,5.3,0.0,0.0
Kevin Smith,25.03,14.52,10,6.38,0.0,4600.0
Alejandro Amenábar,24.81,32.33,4,7.15,448.0,12250.0
Erik White,24.71,,1,4.9,17.0,0.0
Victor Salva,24.56,12.33,3,6.33,108.0,0.0
Richard LaGravenese,24.55,30.75,5,6.66,98.0,8848.4
Joseph Gordon-Levitt,24.48,3.0,1,6.6,23000.0,33000.0
Tim Fywell,24.38,,1,6.0,3.0,901.0
John Herzfeld,24.38,32.0,2,6.0,17.0,374.0
Tomas Alfredson,24.1,20.0,1,7.1,140.0,24000.0
Troy Nixey,24.04,25.0,1,5.6,24.0,10000.0
Eli Roth,24.0,6.93,3,5.57,0.0,4000.0
Jody Hill,23.99,18.0,1,5.8,62.0,0.0
Rob Pritts,23.98,11.0,1,4.6,5.0,365.0
Simon Curtis,23.95,8.7,2,7.15,64.0,25500.0
Nimród Antal,23.8,33.5,3,6.43,190.0,12000.0
Edgar Wright,23.65,23.0,4,7.6,1000.0,30250.0
Terry George,23.47,17.5,1,8.1,83.0,12000.0
Bille Woodruff,23.39,11.67,4,5.12,23.0,352.75
Griffin Dunne,23.36,48.0,2,5.9,165.0,12.5
Kimberly Peirce,23.24,21.75,4,6.48,108.0,19745.5
Mark Neveldine,23.09,29.5,5,5.56,83.0,3600.0
Alister Grierson,23.07,30.0,1,5.9,24.0,11000.0
Ice Cube,23.03,4.5,1,5.6,0.0,575.0
Paul Hunter,23.02,52.0,1,5.5,13.0,846.0
Wally Pfister,23.01,100.0,1,6.3,0.0,37000.0
Michael Tiddes,23.01,3.83,3,4.43,89.0,3666.67
Brandon Camp,22.93,18.0,1,5.6,7.0,0.0
Clare Kilner,22.85,15.5,2,5.9,6.0,185.5
Lee Toland Krieger,22.79,25.0,2,6.95,43.0,17000.0
Travis Cluff,22.76,0.1,1,4.2,3.0,0.0
Rick Famuyiwa,22.53,8.75,4,6.4,44.0,6247.5
Don Scardino,22.53,30.0,1,5.9,35.0,13000.0
Philip G. Atwell,22.47,25.0,1,6.3,5.0,0.0
Neil LaBute,22.43,15.34,3,6.57,119.0,314.67
Elizabeth Allen Rosenbaum,22.38,13.5,2,6.0,20.0,0.0
Spike Lee,22.37,18.08,10,6.38,0.0,234.0
Dean Israelite,22.33,12.0,1,6.4,16.0,0.0
Mike Bigelow,22.26,22.0,1,4.6,2.0,887.0
Michael Rymer,22.16,21.0,2,5.65,48.0,187.5
Danny Cannon,22.13,17.0,2,5.7,41.0,445.5
Gordon Chan,22.11,41.0,1,5.2,4.0,505.0
Craig Gillespie,22.06,22.33,4,6.9,44.0,16000.0
David Koepp,22.0,33.4,5,6.46,192.0,6400.0
Paul Thomas Anderson,21.89,25.67,6,7.52,0.0,12333.33
Justin Zackham,21.78,35.0,1,5.6,16.0,0.0
David E. Talbert,21.56,8.5,1,5.0,68.0,0.0
Chris Kentis,21.53,1.25,2,5.5,9.0,0.0
Shekhar Kapur,21.53,38.33,3,6.97,159.0,0.0
Nat Faxon,21.5,5.0,1,7.4,214.0,22000.0
Brian Percival,21.48,19.0,1,7.6,33.0,53000.0
Roger Christian,21.47,44.0,1,2.4,64.0,0.0
John Ottman,21.47,14.0,1,4.1,83.0,243.0
Simon Wincer,21.45,33.08,2,4.85,23.0,193.5
Chris Gorak,21.43,30.0,1,4.9,21.0,0.0
Mike Judge,21.29,10.0,4,6.85,406.0,23750.0
Stephen Frears,21.27,21.35,8,7.01,350.0,5952.0
Jeff Wadlow,21.21,16.33,3,6.37,65.0,12272.0
Joseph Kahn,21.18,25.0,2,4.9,33.0,0.0
Chris Robinson,21.16,,1,6.0,49.0,874.0
Karyn Kusama,21.03,39.0,2,5.3,45.0,3000.0
Tim McCanlies,20.99,30.0,2,7.2,23.0,250.0
Jodie Foster,20.98,24.0,2,6.7,0.0,8500.0
Chris Carter,20.98,30.0,1,5.9,251.0,0.0
Robert Altman,20.98,16.27,3,6.8,500.0,303.67
Miguel Arteta,20.83,12.81,5,6.42,44.0,2621.6
Lisa Cholodenko,20.8,3.5,1,7.1,450.0,16000.0
Martin Weisz,20.8,15.0,1,5.1,7.0,0.0
Terrence Malick,20.8,38.0,3,7.0,0.0,13000.0
Harold Cronk,20.77,5.0,1,3.4,18.0,0.0
Robert Duvall,20.73,5.0,1,7.2,3000.0,1000.0
Todd Field,20.69,13.85,2,7.55,143.0,2975.5
Peter Atencio,20.57,15.0,1,6.4,10.0,0.0
Stephen Kay,20.45,21.33,3,5.0,19.0,588.33
Ken Scott,20.44,30.5,2,5.9,31.0,0.0
Nick Hurran,20.42,35.0,1,5.2,34.0,484.0
John Gray,20.4,45.0,1,5.3,29.0,451.0
Robert Ben Garant,20.34,10.0,1,5.9,134.0,441.0
Jim Sonzero,20.26,20.0,1,4.7,2.0,0.0
Andrew Niccol,20.19,41.5,5,6.88,487.0,24400.0
Juan José Campanella,20.17,12.0,2,7.45,195.0,16500.0
Alan Shapiro,20.05,25.53,1,5.2,0.0,504.0
Kris Isacsson,20.04,9.0,1,4.9,0.0,580.0
Billy Bob Thornton,20.0,28.94,2,6.9,0.0,326.0
Mike Binder,20.0,12.67,3,7.0,57.0,183.0
Jean-François Richet,19.98,20.0,1,6.3,25.0,999.0
Leslie Small,19.97,2.5,2,7.1,15.0,307.0
Xavier Gens,19.85,13.5,2,6.05,87.0,0.0
Mikael Salomon,19.82,70.0,1,5.8,13.0,815.0
Harry Elfont,19.8,16.0,2,5.9,4.0,0.0
Kevin Macdonald,19.72,6.0,3,7.63,162.0,0.0
Allen Hughes,19.69,35.0,1,6.2,90.0,0.0
Peter Webber,19.65,50.0,2,6.6,73.0,1500.0
Peter Cattaneo,19.64,7.88,5,6.68,11.0,33.0
Gurinder Chadha,19.57,6.83,3,6.1,98.0,231.67
Bruce McCulloch,19.53,21.33,3,5.07,54.0,810.0
Rob Zombie,19.48,9.3,5,5.56,0.0,4200.0
Gary Chapman,19.45,35.0,1,5.6,2.0,538.0
James Marsh,19.42,8.0,2,7.75,120.0,45000.0
Maurice Joyce,19.42,5.0,1,5.0,0.0,122.0
Susan Stroman,19.38,45.0,1,6.4,38.0,0.0
Gavin O'Connor,19.31,21.66,5,6.98,149.0,15424.2
Dennie Gordon,19.29,22.57,4,5.4,29.0,232.5
Mike Nawrocki,19.14,14.5,2,6.15,12.0,179.5
Adrienne Shelly,19.07,2.0,1,7.1,191.0,0.0
Stuart Beattie,19.06,65.0,1,5.1,72.0,15000.0
Allen Coulter,19.06,16.0,1,7.2,47.0,24000.0
Sean Penn,19.04,30.0,2,7.5,0.0,38000.0
John Bonito,18.84,20.0,1,4.7,8.0,0.0
Doug Atchison,18.81,,1,7.5,3.0,0.0
Terry Gilliam,18.72,48.83,3,6.8,0.0,11333.33
Julie Taymor,18.68,30.5,4,6.9,278.0,7000.0
Julian Jarrold,18.66,16.5,2,7.1,11.0,0.0
Don Kempf,18.64,,1,7.5,0.0,407.0
Asger Leth,18.6,42.0,1,6.6,20.0,11000.0
Norman Jewison,18.6,30.33,3,6.37,278.0,179.33
David Gordon Green,18.5,18.57,8,6.57,234.0,3804.62
Ricky Gervais,18.44,18.5,1,6.4,0.0,13000.0
Dustin Hoffman,18.38,11.0,1,6.8,0.0,13000.0
Richard Linklater,18.34,13.8,8,7.21,0.0,22789.38
Camille Delamarre,18.16,26.5,2,5.4,11.0,0.0
Bob Clark,18.13,19.0,2,2.2,84.0,0.0
William Friedkin,18.11,33.0,2,6.35,607.0,6000.0
Bradley Parker,18.11,1.0,1,5.0,18.0,24000.0
Frank Nissen,18.08,20.0,1,6.4,0.0,264.0
Todd Graff,18.06,22.5,2,6.05,650.0,500.0
John Carpenter,18.03,32.67,3,5.57,0.0,0.0
Daniel Sackheim,17.95,30.0,1,5.8,12.0,804.0
Anton Corbijn,17.9,13.17,3,6.93,210.0,12000.0
Andrew Bergman,17.88,38.0,2,4.8,31.0,505.0
Nanette Burstein,17.8,32.0,1,6.3,8.0,0.0
Katt Shea,17.76,21.0,1,4.6,52.0,897.0
Stephen Chbosky,17.74,13.0,1,8.0,139.0,131000.0
Jeff Schaffer,17.72,25.0,1,6.6,17.0,0.0
Jean-Pierre Jeunet,17.7,51.8,5,7.34,0.0,8800.0
Gonzalo López-Gallego,17.68,5.0,1,5.2,17.0,0.0
Jake Schreier,17.66,7.25,2,6.75,14.0,6500.0
Patricia Rozema,17.66,10.0,1,6.7,22.0,851.0
Justin Chadwick,17.57,35.0,2,6.9,56.0,6500.0
Michael J. Bassett,17.53,20.0,1,5.0,83.0,25000.0
Christian Duguay,17.52,40.0,2,5.1,18.0,314.0
Antony Hoffman,17.47,70.0,1,5.7,14.0,995.0
Carter Smith,17.43,8.0,1,5.9,27.0,0.0
David Nutter,17.41,15.0,1,5.5,119.0,673.0
Cheryl Dunye,17.32,,1,4.5,17.0,151.0
Ellory Elkayem,17.27,30.0,1,5.4,11.0,0.0
George Armitage,17.24,32.5,2,6.15,5.0,144.0
Tommy O'Haver,17.24,28.5,2,6.05,13.0,0.0
Roman Polanski,17.17,38.6,5,7.3,2000.0,11400.0
Peter Howitt,17.17,25.5,4,6.22,29.0,675.5
Kevin Tancharoen,17.16,13.5,2,5.2,64.0,0.0
Kevin Hooks,17.1,25.0,1,5.3,114.0,204.0
Irwin Winkler,17.08,32.67,3,6.67,34.0,333.33
Don Mancini,17.02,12.0,1,4.9,64.0,0.0
Mark Romanek,17.0,13.5,2,7.0,132.0,16500.0
Peter Hastings,16.99,35.0,1,4.0,0.0,422.0
Ben Younger,16.94,8.0,1,7.0,46.0,0.0
Sofia Coppola,16.79,14.25,4,6.92,0.0,4250.0
Janusz Kaminski,16.78,28.0,1,4.8,710.0,209.0
Jonas Elmer,16.7,8.0,1,5.6,3.0,0.0
Daniel Barnz,16.58,17.0,2,6.0,33.0,8000.0
Mark Christopher,16.57,13.0,1,5.8,15.0,0.0
Peter Kosminsky,16.35,16.0,1,7.2,7.0,0.0
Nicholas Hytner,16.33,11.67,3,6.53,13.0,283.0
Joshua Michael Stern,16.28,21.0,1,6.1,0.0,1000.0
Michael Cristofer,16.25,42.0,1,6.0,49.0,3000.0
Steve Miner,16.2,32.5,2,5.4,49.0,1237.0
Rob McKittrick,16.1,3.0,1,6.8,6.0,0.0
Karey Kirkpatrick,16.09,55.0,1,5.6,11.0,610.0
Susanna White,16.05,35.0,2,6.25,24.0,0.0
Tony Goldwyn,16.04,18.5,2,6.35,956.0,430.0
Tim Blake Nelson,16.02,5.0,2,6.2,596.0,0.0
Britt Allcroft,15.91,19.0,1,3.6,2.0,663.0
Matt Bettinelli-Olpin,15.82,7.0,1,4.0,14.0,0.0
Michael Hoffman,15.81,17.17,3,6.87,97.0,6333.33
Craig Brewer,15.8,11.5,2,7.2,153.0,0.0
Dexter Fletcher,15.79,23.0,2,7.5,452.0,15000.0
Demian Lichtenstein,15.74,42.0,1,5.9,11.0,0.0
Paul Abascal,15.71,20.0,1,5.8,2.0,269.0
Stephen Herek,15.66,40.4,5,5.68,65.0,559.4
Trent Cooper,15.66,4.0,1,3.1,0.0,110.0
RZA,15.61,15.0,1,5.4,561.0,29000.0
Derek Cianfrance,15.54,9.25,2,7.35,310.0,36000.0
Paul Bolger,15.52,47.0,1,4.5,0.0,261.0
Josef Rusnak,15.5,16.0,1,7.0,9.0,0.0
Nick Gomez,15.43,16.0,1,5.6,22.0,492.0
Rob Schmidt,15.42,12.6,1,6.1,36.0,0.0
Andrew Fleming,15.4,14.25,4,6.15,26.0,1897.5
Woody Allen,15.35,16.9,15,6.89,11000.0,10658.6
Danny Pang,15.28,40.0,2,5.55,15.0,62.0
Reginald Hudlin,15.26,20.0,2,5.2,71.0,436.0
Zach Braff,15.19,4.25,2,7.15,0.0,0.0
Tom Holland,15.17,8.5,1,5.7,85.0,0.0
Ed Gass-Donnelly,15.15,5.0,1,4.0,8.0,0.0
Neal Brennan,15.1,,1,5.8,23.0,0.0
Steve Barron,15.09,25.0,1,5.3,48.0,246.0
Jacques Perrin,15.08,100.0,2,7.9,63.0,500.0
Alan Cohn,15.06,14.0,1,6.0,0.0,645.0
Mary Harron,15.05,7.0,1,7.6,126.0,18000.0
Bruce Hunt,14.89,30.0,1,5.1,2.0,0.0
Fernando Meirelles,14.73,14.43,3,7.6,353.0,9333.33
Lenny Abrahamson,14.68,13.0,1,8.3,412.0,72000.0
David Robert Mitchell,14.67,2.0,1,6.9,421.0,45000.0
Thomas Bezucha,14.62,18.5,2,6.05,15.0,3000.0
Shana Feste,14.58,13.67,3,6.43,19.0,0.0
Ed Harris,14.4,6.0,2,6.9,0.0,0.0
Joby Harold,14.37,8.6,1,6.5,8.0,0.0
John Dahl,14.37,29.75,4,6.8,131.0,207.5
Franco Zeffirelli,14.35,12.0,1,6.9,160.0,970.0
Nick Hamm,14.33,25.0,1,4.8,6.0,387.0
Wych Kaosayananda,14.29,70.0,1,3.6,8.0,391.0
James Mather,14.29,20.0,1,6.1,4.0,10000.0
Tom Green,14.25,15.0,1,4.5,374.0,0.0
Bill Paxton,14.22,11.0,2,7.4,0.0,2500.0
Harmony Korine,14.12,5.0,1,5.3,520.0,25000.0
Ringo Lam,14.1,25.0,1,5.4,17.0,503.0
Vic Armstrong,14.0,16.0,2,3.1,179.0,31000.0
Mark Mylod,13.99,20.0,1,6.0,20.0,0.0
Lionel C. Martin,13.96,,1,5.3,3.0,439.0
Jessy Terrero,13.92,16.0,1,4.4,29.0,0.0
Brendan Malloy,13.9,11.0,1,6.3,2.0,0.0
Saul Dibb,13.82,13.5,1,6.9,10.0,0.0
Miguel Sapochnik,13.76,32.0,1,6.3,238.0,12000.0
David Palmer,13.75,2.0,1,6.1,21.0,0.0
Tuck Tucker,13.68,3.0,1,5.9,14.0,227.0
James Foley,13.68,22.5,2,6.35,164.0,475.0
Morgan Spurlock,13.68,3.86,3,6.0,293.0,0.0
Jesse Vaughan,13.57,15.6,1,4.5,10.0,939.0
Gregory Poirier,13.56,11.0,1,5.3,5.0,449.0
John Boorman,13.49,18.0,1,6.1,128.0,813.0
Courtney Solomon,13.4,16.0,2,4.7,31.0,2000.0
Charles Shyer,13.4,60.0,1,6.2,14.0,0.0
Ulu Grosbard,13.38,40.0,1,6.3,22.0,579.0
Mickey Liddell,13.35,5.0,1,3.8,7.0,562.0
Fred Savage,13.24,6.0,1,2.9,0.0,256.0
Lone Scherfig,13.17,9.75,2,7.15,92.0,30500.0
Damien Chazelle,13.09,3.3,1,8.5,141.0,129000.0
Tony Bill,13.08,60.0,1,6.6,23.0,2000.0
J.A. Bayona,13.08,24.2,2,7.55,171.0,32500.0
Drew Barrymore,13.03,15.0,1,6.9,0.0,10000.0
Michael Dinner,13.02,23.0,1,5.6,12.0,153.0
Lawrence Kasdan,13.01,48.0,3,5.83,759.0,1403.0
Craig Mazin,12.94,18.0,2,5.25,82.0,105.0
Pedro Almodóvar,12.9,,1,7.6,0.0,0.0
Ron Maxwell,12.87,56.0,1,6.3,33.0,953.0
John Carney,12.8,4.09,2,7.65,109.0,34500.0
Douglas Aarniokoski,12.8,12.5,2,4.6,36.0,178.0
Benh Zeitlin,12.78,1.8,1,7.3,188.0,31000.0
Jerry Zaks,12.78,23.0,1,6.7,4.0,1000.0
Robert Harmon,12.69,17.0,1,4.8,11.0,814.0
Sammo Kam-Bo Hung,12.67,,1,6.2,472.0,355.0
James Isaac,12.61,11.0,1,4.4,52.0,0.0
Robert Marcarelli,12.61,7.5,1,3.5,0.0,129.0
Paul McGuigan,12.57,33.43,7,6.8,118.0,7571.43
Bryan Barber,12.55,15.0,1,6.2,16.0,489.0
Theodore Witcher,12.51,10.0,1,7.4,28.0,1000.0
Jesse Peretz,12.43,2.65,2,5.95,37.0,5513.0
Tom Tykwer,12.42,51.38,5,7.22,670.0,30400.0
Neil Marshall,12.36,16.75,3,6.53,197.0,3333.33
David Raynr,12.31,9.0,3,5.37,9.0,340.67
Andy Cadiff,12.19,23.0,2,6.1,3.0,0.0
Christine Jeffs,12.06,8.0,1,6.9,19.0,0.0
Walter Hill,12.03,46.67,3,5.53,394.0,3855.33
Stewart Hendler,11.96,16.0,1,5.1,10.0,0.0
Mira Nair,11.92,11.0,4,6.8,300.0,191.75
Prachya Pinkaew,11.91,200.0,1,7.1,64.0,0.0
Daniel Taplitz,11.83,,1,5.5,2.0,266.0
Christian Alvart,11.79,30.0,2,6.5,22.0,5000.0
Brad Anderson,11.78,7.1,5,6.86,122.0,8878.4
David Cronenberg,11.76,22.2,5,7.06,0.0,8400.0
Kevin Allen,11.7,15.0,2,5.4,8.0,174.5
Jim Hanon,11.7,10.0,1,7.0,2.0,1000.0
Oliver Parker,11.68,21.88,4,6.48,32.0,4411.5
Gary Halvorson,11.63,17.0,1,5.8,11.0,339.0
Albert Brooks,11.61,15.0,1,5.6,745.0,251.0
Chris Roberts,11.58,30.0,1,4.1,38.0,858.0
Glen Morgan,11.54,15.5,2,5.35,17.0,0.0
Lance Rivera,11.54,,1,3.6,3.0,177.0
Fred Durst,11.51,23.0,1,5.1,258.0,376.0
Robert Butler,11.47,71.0,1,4.7,0.0,316.0
Nigel Cole,11.47,18.6,2,6.9,13.0,0.0
Brian Klugman,11.43,6.0,1,7.1,49.0,21000.0
Martin McDonagh,11.37,15.0,2,7.6,454.0,42000.0
Peter Sollett,11.36,5.6,3,6.8,6.0,73.0
Hugh Johnson,11.23,34.0,1,5.2,3.0,120.0
Emilio Estevez,11.2,14.0,1,7.0,0.0,0.0
Mark Brown,11.16,3.75,2,5.2,7.0,330.5
Steve Gomer,11.14,15.0,1,2.8,9.0,436.0
Christopher Guest,11.14,7.33,4,7.18,378.0,162.5
Jaume Balagueró,11.09,5.68,4,6.68,57.0,5000.0
Jon Kasdan,11.04,10.0,1,6.5,21.0,1000.0
Michael Mayer,11.01,10.75,2,6.5,15.0,1000.0
William Arntz,10.94,,1,5.4,0.0,2000.0
Niels Arden Oplev,10.88,30.0,1,6.5,76.0,0.0
Rand Ravich,10.65,34.0,2,5.3,7.0,1000.0
Davis Guggenheim,10.62,16.5,3,6.53,49.0,388.67
Walter Salles,10.6,19.3,3,6.57,179.0,9000.0
Bill Duke,10.57,8.0,1,6.1,1000.0,738.0
Michael Patrick Jann,10.56,10.0,1,6.5,31.0,0.0
Damon Santostefano,10.54,20.0,1,6.1,4.0,311.0
Don Michael Paul,10.53,10.0,2,3.3,70.0,505.0
Mark Piznarski,10.49,15.0,1,5.1,4.0,648.0
Mic Rodgers,10.43,24.0,1,4.1,7.0,401.0
Catherine Owens,10.35,,1,8.4,0.0,116.0
Michael Martin,10.31,3.5,1,3.9,0.0,280.0
Oliver Hirschbiegel,10.29,46.75,2,7.1,101.0,7000.0
Troy Duffy,10.27,7.5,2,7.1,78.0,8000.0
Wallace Wolodarsky,10.2,12.0,1,5.4,32.0,507.0
Richard Glatzer,10.17,2.7,2,7.3,25.0,22713.0
Louis Morneau,10.15,6.5,1,3.6,38.0,342.0
Mike Disa,10.13,30.0,1,4.8,6.0,0.0
Jonathan Kaplan,10.11,25.0,1,6.4,57.0,0.0
Hark Tsui,10.08,35.0,1,4.8,85.0,471.0
Takao Okawara,10.04,1000.0,1,6.0,2.0,339.0
Benny Boom,10.02,3.0,1,5.9,23.0,545.0
Bob Saget,9.98,13.0,2,5.3,799.0,549.0
Joe Nussbaum,9.96,11.5,3,5.67,18.0,0.0
DJ Pooh,9.96,5.0,2,4.3,69.0,480.0
Rod Lurie,9.93,23.76,5,6.6,37.0,1763.8
Kurt Wimmer,9.85,25.0,2,5.95,110.0,10000.0
Mamoru Hosoda,9.63,5.0,1,5.9,99.0,207.0
Stephan Elliott,9.56,15.0,2,5.8,11.0,1163.5
François Girard,9.47,10.0,1,7.7,63.0,0.0
Andrew Dominik,9.42,22.5,2,6.85,181.0,10000.0
Josh Schwartz,9.4,14.0,1,5.4,90.0,0.0
Richard Eyre,9.4,10.25,2,7.25,14.0,0.0
Nicolas Winding Refn,9.32,8.93,4,6.9,0.0,33250.0
Aaron Schneider,9.18,7.5,1,7.1,11.0,0.0
Tom Ford,9.17,7.0,1,7.6,192.0,16000.0
Tina Gordon Chism,9.12,15.0,1,5.3,24.0,0.0
Bart Freundlich,9.12,13.5,2,5.45,38.0,403.0
Victor Nunez,9.05,2.7,1,7.1,9.0,381.0
Duncan Tucker,9.01,1.0,1,7.4,2.0,0.0
Danny DeVito,9.0,47.5,2,6.1,0.0,0.0
Benson Lee,8.89,20.0,1,5.0,9.0,0.0
Brian Dannelly,8.79,5.0,1,6.9,12.0,0.0
Vincenzo Natali,8.74,11.29,4,6.55,165.0,5922.0
James Gray,8.64,18.25,4,6.75,115.0,100.25
Mort Nathan,8.59,20.0,1,4.9,2.0,1000.0
E. Elias Merhige,8.5,17.5,2,6.4,54.0,408.5
Jorma Taccone,8.46,10.0,1,5.5,434.0,0.0
Michael O. Sajbel,8.41,20.0,2,6.85,6.0,0.0
Darnell Martin,8.13,12.0,1,7.0,67.0,0.0
Michael Ritchie,8.12,28.0,1,5.4,23.0,517.0
Ariel Vromen,8.1,20.75,2,6.6,34.0,10000.0
Nicole Holofcener,8.08,3.94,5,6.66,132.0,2582.2
Wil Shriner,8.08,15.0,1,5.6,6.0,647.0
Marilyn Agrelo,8.04,,1,7.5,2.0,588.0
Hayao Miyazaki,8.04,619.25,4,8.22,6000.0,13000.0
Brian Koppelman,8.0,15.0,2,6.25,34.0,283.0
Lexi Alexander,7.95,35.0,1,6.0,189.0,0.0
Nicholas Jarecki,7.92,12.0,1,6.6,27.0,0.0
Andrew Erwin,7.89,5.0,2,6.1,10.0,0.0
Jason Bateman,7.76,10.0,1,6.7,0.0,0.0
István Szabó,7.74,18.0,1,7.1,109.0,562.0
Amy Heckerling,7.73,18.0,2,5.2,143.0,500.0
Lauren Lazin,7.71,,1,8.0,2.0,0.0
Gilles Paquet-Brenner,7.69,10.0,1,7.5,15.0,0.0
Sergey Bodrov,7.65,46.67,3,6.27,44.0,5421.67
Jeff Lowell,7.56,10.0,1,5.2,4.0,518.0
Wayne Kramer,7.55,10.1,2,7.2,47.0,381.0
Neil Jordan,7.53,23.6,5,6.64,277.0,188.2
Jean-Jacques Mantello,7.52,6.0,1,6.5,0.0,28.0
Kasi Lemmons,7.51,11.75,3,5.9,148.0,309.33
Richard J. Lewis,7.5,,1,7.3,12.0,0.0
Menno Meyjes,7.49,27.0,1,6.8,43.0,0.0
Dave Borthwick,7.38,20.0,1,2.8,3.0,346.0
Alejandro Monteverde,7.26,11.65,2,7.4,38.0,7500.0
George A. Romero,7.16,7.0,3,5.63,0.0,0.0
Asghar Farhadi,7.1,0.5,1,8.4,0.0,48000.0
Ian Iqbal Rashid,7.07,,1,3.3,8.0,238.0
Philip Kaufman,7.06,13.5,1,7.4,133.0,0.0
Nnegest Likké,7.06,3.0,1,3.0,18.0,837.0
Uli Edel,7.02,21.0,2,6.55,34.0,0.0
Sylvain Chomet,7.0,9.5,1,7.8,162.0,0.0
Scott Alexander,6.98,10.0,1,5.7,25.0,262.0
Todd Haynes,6.97,16.75,3,7.13,162.0,0.0
Michael Schultz,6.88,,1,6.9,78.0,187.0
James Ponsoldt,6.85,2.5,1,7.1,53.0,10000.0
Risa Bramon Garcia,6.85,6.0,1,5.9,112.0,0.0
Marcus Dunstan,6.84,10.0,1,6.1,87.0,14000.0
Mark Herman,6.81,12.5,2,7.4,39.0,19457.5
Jeff Nichols,6.77,11.0,4,7.2,337.0,10443.25
J.S. Cardone,6.76,5.0,1,5.3,23.0,327.0
Chris Eyre,6.72,2.0,1,7.2,149.0,0.0
David Lynch,6.71,12.5,2,8.0,0.0,8000.0
Raymond De Felitta,6.67,6.0,1,7.4,20.0,0.0
Vadim Perelman,6.65,11.5,2,7.0,26.0,500.0
Lorene Scafaria,6.62,10.0,1,6.7,63.0,25000.0
François Ozon,6.59,8.0,2,6.95,341.0,0.0
Hugh Hudson,6.54,34.0,1,5.6,46.0,314.0
Debra Granik,6.53,2.0,1,7.2,81.0,20000.0
Roger Avary,6.53,4.0,1,6.7,675.0,0.0
Joshua Marston,6.52,3.0,1,7.5,13.0,0.0
S.S. Rajamouli,6.5,18.03,1,8.4,50.0,21000.0
Timothy Björklund,6.49,10.0,1,5.8,0.0,49.0
Cyrus Nowrasteh,6.46,18.5,1,5.4,19.0,0.0
Vicky Jenson,6.37,15.0,1,5.3,96.0,0.0
Anna Boden,6.35,8.0,1,7.2,16.0,20000.0
Noah Baumbach,6.33,5.75,3,7.03,387.0,3666.67
John Maybury,6.3,29.0,1,7.1,11.0,0.0
David Mamet,6.27,8.5,2,7.05,342.0,289.0
Émile Gaudreault,6.24,5.0,1,6.7,9.0,352.0
Caroline Link,6.17,7.0,1,7.7,11.0,802.0
Linda Mendoza,6.13,,1,4.8,17.0,419.0
Nicholaus Goossen,6.09,,1,7.0,4.0,0.0
Jee-woon Kim,6.08,27.5,2,6.85,419.0,12000.0
Tamara Jenkins,6.05,5.0,2,6.9,84.0,231.0
Scott Kalvert,6.04,10.0,1,5.6,9.0,398.0
Dave Meyers,6.03,2.0,1,4.3,11.0,43.0
Ben Lewin,6.0,1.0,1,7.2,20.0,11000.0
Stephen Chow,5.93,15.0,3,7.2,0.0,333.33
Doug Lefler,5.93,35.0,1,5.4,4.0,0.0
Matt Piedmont,5.9,6.0,1,5.5,4.0,9000.0
Charles S. Dutton,5.88,39.0,1,5.3,534.0,177.0
Craig Bolotin,5.87,13.0,1,6.0,7.0,251.0
Richard Benjamin,5.86,22.5,2,4.5,121.0,366.0
Patricia Cardoso,5.84,2.55,2,6.65,15.0,378.5
J.C. Chandor,5.79,10.83,3,7.0,78.0,13000.0
Carlos Carrera,5.71,1.8,1,6.8,12.0,544.0
Dean Wright,5.67,10.82,1,6.6,0.0,0.0
Sngmoo Lee,5.66,45.0,1,6.3,19.0,0.0
Marcos Siega,5.65,25.0,1,4.1,32.0,206.0
Hyung-rae Shim,5.56,24.2,2,3.6,26.0,251.0
Daisy von Scherler Mayer,5.53,12.0,2,4.6,18.0,377.0
Matt Maiellaro,5.52,0.75,1,6.9,8.0,307.0
Costa-Gavras,5.42,76.5,2,6.75,333.0,348.5
John Michael McDonagh,5.36,6.0,1,7.3,51.0,17000.0
Richard Kelly,5.35,12.5,3,6.4,219.0,11000.0
Dan Fogelman,5.35,10.0,1,7.1,102.0,0.0
Craig Johnson,5.28,,1,6.8,7.0,0.0
Mary Lambert,5.22,15.0,1,4.6,52.0,157.0
Fina Torres,5.02,8.0,1,5.3,26.0,859.0
Luca Guadagnino,5.0,10.0,1,7.0,64.0,0.0
Blair Hayes,5.0,13.0,1,5.6,2.0,0.0
Peter Kassovitz,4.96,15.0,1,6.5,0.0,0.0
Morgan Neville,4.95,1.0,1,7.4,9.0,14000.0
Todd Lincoln,4.93,17.0,1,4.1,57.0,0.0
John Curran,4.92,20.7,2,6.45,43.0,0.0
Jez Butterworth,4.92,13.0,1,6.1,16.0,618.0
John Hillcoat,4.86,15.67,3,7.0,214.0,10666.67
Jonathan Glazer,4.85,20.0,3,6.57,143.0,9666.67
Laurence Dunmore,4.83,,1,6.4,2.0,0.0
Dewey Nicks,4.81,11.0,1,5.3,4.0,405.0
Bruce Paltrow,4.73,15.0,1,6.0,28.0,573.0
Edward Burns,4.73,2.5,3,6.37,0.0,387.33
Mitch Davis,4.72,7.0,2,5.8,7.0,325.0
Deb Hagan,4.69,6.5,1,4.6,0.0,422.0
Steve Rash,4.69,8.0,1,5.1,15.0,77.0
Richard Shepard,4.66,17.5,3,6.63,47.0,269.33
John Sayles,4.63,5.08,4,6.85,407.0,237.5
Kenneth Lonergan,4.61,7.6,2,7.1,50.0,378.0
Jane Campion,4.58,10.25,2,6.15,319.0,328.0
Zach Cregger,4.54,6.0,1,5.1,138.0,985.0
Michael Polish,4.53,4.68,5,5.78,35.0,352.2
Julian Schnabel,4.48,3.3,2,7.45,232.0,6500.0
Vincent Paronnaud,4.44,7.3,1,8.0,10.0,14000.0
Jonathan Teplitzky,4.44,18.0,1,7.1,6.0,18000.0
Patrick Stettner,4.43,4.0,2,6.15,5.0,302.5
Robert Kenner,4.42,,1,7.9,11.0,37000.0
Jon Gunn,4.41,0.97,3,6.03,16.0,4489.33
Mark Tarlov,4.39,6.0,1,5.3,3.0,901.0
Eric Bross,4.36,10.5,2,4.8,49.0,29.0
Vondie Curtis-Hall,4.27,22.0,1,2.1,170.0,0.0
Paul Gross,4.24,13.75,2,6.25,329.0,485.5
Marc Abraham,4.23,20.0,1,7.0,18.0,0.0
Ritesh Batra,4.23,1.0,1,7.8,25.0,16000.0
Adam Rifkin,4.19,7.62,2,6.5,89.0,23.5
Russell Crowe,4.19,22.5,1,7.1,0.0,18000.0
Damien O'Donnell,4.17,1.9,1,6.9,70.0,1000.0
Peter M. Cohen,4.14,3.0,1,4.4,0.0,131.0
Charles Robert Carner,4.13,7.5,1,3.1,18.0,140.0
Gareth Evans,4.11,1.1,1,7.6,338.0,51000.0
Ronan Chapalain,4.07,5.0,1,6.9,0.0,89.0
Philip Saville,4.07,17.0,1,7.7,10.0,0.0
Wolfgang Becker,4.06,4.8,1,7.7,31.0,11000.0
Randall Miller,4.04,5.0,1,6.8,19.0,0.0
Douglas McGrath,4.03,15.67,3,6.4,41.0,0.0
Jeffrey W. Byrd,4.01,15.0,1,4.1,2.0,83.0
Rodman Flender,4.0,20.0,1,6.2,6.0,0.0
Jon Poll,3.95,12.0,1,7.0,20.0,0.0
Xavier Beauvois,3.95,4.0,1,7.2,22.0,0.0
Miranda July,3.89,2.0,1,7.4,244.0,0.0
Michael Corrente,3.85,7.5,2,6.4,30.0,113.0
Ayan Mukerji,3.83,,1,6.9,0.0,0.0
Anand Tucker,3.79,13.5,3,6.57,14.0,4809.67
Brian Baugh,3.77,1.0,1,7.1,3.0,0.0
Laurent Cantet,3.77,,1,7.5,39.0,0.0
Michael Radford,3.75,14.0,2,6.8,53.0,0.0
Mabrouk El Mechri,3.75,20.0,1,4.9,19.0,0.0
Uwe Boll,3.74,27.12,5,3.72,892.0,531.6
Tommy Lee Jones,3.73,15.5,2,7.05,0.0,0.0
Rick de Oliveira,3.71,8.0,1,2.7,2.0,131.0
Steve Boyum,3.71,24.0,2,3.95,9.0,596.0
Karan Johar,3.65,356.0,2,7.0,160.0,13829.5
Christophe Barratier,3.63,5.5,1,7.9,25.0,0.0
Werner Herzog,3.59,15.0,2,7.0,0.0,3000.0
Max Joseph,3.59,2.0,1,6.1,31.0,0.0
Floria Sigismondi,3.57,10.0,1,6.6,50.0,0.0
Tom Schulman,3.56,3.0,1,5.3,45.0,417.0
Mike Mills,3.55,3.6,2,6.9,101.0,7854.0
Katja von Garnier,3.53,,1,5.5,18.0,0.0
Michael Dowse,3.52,23.0,2,6.85,31.0,0.0
Maggie Carey,3.45,1.5,1,5.8,38.0,0.0
Mike Leigh,3.45,9.64,5,7.36,608.0,218.4
Duke Johnson,3.44,8.0,1,7.3,26.0,0.0
Denys Arcand,3.43,6.0,1,7.7,66.0,0.0
Drake Doremus,3.39,0.25,1,6.7,52.0,12000.0
Joon-ho Bong,3.38,6127.35,2,7.0,584.0,32500.0
Tony Kaye,3.37,15.25,3,8.03,194.0,11865.33
Russell Holt,3.35,7.5,1,6.9,0.0,31.0
John Putch,3.33,10.0,1,5.5,60.0,0.0
Jim Jarmusch,3.3,,1,7.5,0.0,0.0
Louis C.K.,3.29,3.0,1,5.2,0.0,0.0
Jeb Stuart,3.28,37.0,2,6.55,11.0,446.0
David LaChapelle,3.28,,1,7.1,30.0,903.0
Kevin Spacey,3.24,14.0,2,6.4,18000.0,112.5
Shari Springer Berman,3.23,7.0,2,6.7,30.0,458.0
Anne Fontaine,3.21,17.72,2,6.45,105.0,0.0
Susan Seidelman,3.12,1.5,1,6.5,39.0,88.0
Gillian Robespierre,3.12,,1,6.8,9.0,0.0
Patrick Creadon,3.12,,1,7.4,3.0,694.0
Enrique Begne,3.11,3.0,1,5.0,0.0,174.0
Stephen Carpenter,3.1,14.0,1,3.9,12.0,231.0
Jon Stewart,3.09,5.0,1,6.6,593.0,5000.0
Charlie Kaufman,3.08,21.0,1,7.5,0.0,13000.0
Patrice Leconte,3.06,100.0,1,7.3,83.0,186.0
Maggie Greenwald,3.05,1.8,1,7.3,9.0,0.0
Terence Davies,3.04,10.0,1,7.1,25.0,345.0
David Schwimmer,3.03,9.5,2,6.8,0.0,5000.0
Jay Duplass,3.01,5.67,4,6.35,157.0,185.0
Brian Trenchard-Smith,2.99,11.67,3,4.17,53.0,324.67
Yash Chopra,2.98,7.11,2,7.4,147.0,7000.0
Sean Durkin,2.98,,1,6.9,46.0,0.0
Chris Noonan,2.98,30.0,1,7.0,108.0,0.0
Rowan Joffe,2.96,17.0,2,6.0,17.0,5500.0
Clark Gregg,2.93,3.0,1,6.5,0.0,0.0
Tim Robbins,2.9,32.0,1,6.9,0.0,625.0
David Boyd,2.86,1.2,1,6.0,29.0,0.0
Susanne Bier,2.85,16.0,1,7.2,369.0,0.0
David Nixon,2.85,3.5,1,6.3,13.0,0.0
Paolo Sorrentino,2.84,9.2,1,7.7,667.0,29000.0
Youssef Delara,2.83,0.61,2,5.45,8.0,203.0
Jeff Franklin,2.8,4.0,1,5.8,24.0,309.0
Robert B. Weide,2.78,27.0,1,6.5,53.0,0.0
Cédric Klapisch,2.77,2.8,2,7.1,82.0,83.0
Bob Odenkirk,2.76,10.0,2,5.65,0.0,625.0
Dan Rush,2.71,5.0,1,6.4,7.0,0.0
Ryan Fleck,2.69,0.7,1,7.2,31.0,0.0
Rowdy Herrington,2.69,,1,6.7,9.0,352.0
Ron Fricke,2.6,4.0,1,8.5,330.0,26000.0
David M. Matthews,2.59,,1,3.5,8.0,588.0
Kar-Wai Wong,2.57,20.2,3,6.9,0.0,4333.33
Jerry Jameson,2.56,2.0,1,5.3,5.0,0.0
Courtney Hunt,2.51,1.0,1,7.2,33.0,0.0
Brad J. Silverman,2.51,,1,6.1,11.0,0.0
Olivier Assayas,2.5,6.5,2,7.1,107.0,85.5
Andy Garcia,2.48,9.6,1,6.7,0.0,957.0
Jean-Marie Poiré,2.46,90.0,2,5.9,8.0,350.5
David G. Evans,2.43,0.2,1,6.4,0.0,0.0
Lars von Trier,2.42,11.47,3,7.5,3000.0,17000.0
John Cameron Mitchell,2.41,4.33,3,7.1,263.0,0.0
Pawel Pawlikowski,2.41,1.7,2,7.1,84.0,8934.5
Dror Moreh,2.41,,1,7.6,4.0,0.0
Jean-Paul Rappeneau,2.35,20.0,1,6.9,22.0,235.0
Tom Brady,2.33,10.0,1,3.3,105.0,0.0
Fred Schepisi,2.33,12.0,1,7.0,40.0,305.0
Yimou Zhang,2.32,60.2,8,7.09,611.0,1821.0
Christopher Scott Cherot,2.3,0.65,1,6.5,21.0,161.0
Ari Folman,2.28,1.5,1,8.0,56.0,0.0
Max Mayer,2.28,,1,7.2,6.0,0.0
Angelo Pizzo,2.25,20.0,1,7.0,14.0,0.0
Bille August,2.22,32.5,2,6.75,55.0,280.5
John Stephenson,2.21,,1,5.8,0.0,962.0
Billy Ray,2.21,12.75,2,6.7,53.0,0.0
Rakeysh Omprakash Mehra,2.2,,1,8.4,85.0,0.0
Scott Marshall,2.17,10.0,2,4.65,7.0,204.5
George P. Cosmatos,2.15,45.0,1,4.9,170.0,68.0
Kevin Brodie,2.15,7.0,1,6.3,0.0,157.0
Steven Shainberg,2.13,10.4,2,6.8,30.0,7500.0
Wilson Yip,2.13,36.0,1,7.2,25.0,12000.0
Atom Egoyan,2.13,13.67,5,6.82,460.0,507.0
Paul Mazursky,2.1,13.0,1,5.9,150.0,69.0
Rodrigo García,2.06,6.41,2,6.95,127.0,0.0
Antonia Bird,2.06,12.0,1,7.1,61.0,0.0
Barry W. Blaustein,2.05,0.5,1,7.6,6.0,491.0
David Atkins,2.03,6.0,1,5.8,8.0,289.0
Sterling Van Wagenen,2.02,6.5,1,6.6,0.0,19.0
Antonio Banderas,1.95,15.0,1,6.3,0.0,391.0
Mark Illsley,1.94,1.7,1,6.3,3.0,374.0
Michael Winterbottom,1.94,13.22,7,6.23,187.0,349.0
Charles Ferguson,1.92,2.75,3,7.87,117.0,21040.33
Tim Chambers,1.89,7.0,1,6.5,2.0,797.0
Deepa Mehta,1.88,,2,7.8,375.0,261.0
Jill Sprecher,1.87,4.5,2,6.75,11.0,298.0
Ken Loach,1.83,,1,7.5,644.0,0.0
Daniel Barber,1.82,7.3,1,7.2,12.0,0.0
Michael Cuesta,1.79,2.85,2,7.1,52.0,6710.0
Stacy Peralta,1.78,,2,7.8,147.0,0.0
Peter Care,1.78,12.0,1,7.1,0.0,677.0
Richard Kwietniowski,1.78,10.0,2,7.15,23.0,30.5
Greg Berlanti,1.74,1.0,1,7.0,112.0,671.0
Jeremy Saulnier,1.74,3.03,2,7.1,57.0,5000.0
Carlos Saura,1.69,700.0,1,7.2,98.0,539.0
Kenneth Johnson,1.69,16.0,1,2.8,34.0,0.0
Chris Paine,1.68,1.0,1,7.7,2.0,0.0
James Ivory,1.67,12.15,2,6.55,133.0,497.0
Todd Solondz,1.64,3.0,2,7.15,377.0,0.0
Eric Blakeney,1.63,10.0,1,5.7,3.0,242.0
Anurag Basu,1.6,600.0,1,6.0,116.0,0.0
Lynn Shelton,1.57,0.12,1,6.7,100.0,3000.0
Darren Stein,1.54,3.5,2,5.5,18.0,8.5
Henry Alex Rubin,1.52,1.75,1,7.8,30.0,0.0
Gillian Armstrong,1.51,16.0,1,6.7,44.0,329.0
Ira Sachs,1.51,6.75,2,6.15,60.0,265.0
Marielle Heller,1.48,2.0,1,6.9,22.0,0.0
Derrick Borte,1.47,5.0,1,6.5,17.0,0.0
Gavin Wiesen,1.43,,1,6.6,19.0,0.0
Bob Gosse,1.43,,1,5.3,10.0,0.0
Beto Gómez,1.39,,1,6.0,5.0,0.0
Vincent Gallo,1.37,5.75,2,6.25,787.0,476.0
Chan-wook Park,1.37,1405.0,3,7.63,0.0,24666.67
George Hickenlooper,1.35,11.0,2,6.3,60.0,1500.0
Shona Auerbach,1.34,,1,7.8,11.0,2000.0
Zal Batmanglij,1.34,6.5,2,6.8,129.0,6000.0
Ryan Little,1.31,0.78,1,6.8,38.0,1000.0
Jamie Babbit,1.29,1.05,2,6.5,91.0,349.0
Alison Maclean,1.28,2.5,1,7.0,7.0,500.0
John Waters,1.28,10.0,1,6.2,0.0,795.0
Michael Haneke,1.25,11.97,3,7.4,0.0,11000.0
Jamie Travis,1.24,0.85,1,6.0,15.0,0.0
Abel Ferrara,1.23,12.5,1,6.6,220.0,344.0
Fabián Bielinsky,1.22,1.5,1,7.9,44.0,0.0
Vipul Amrutlal Shah,1.21,,1,7.3,11.0,341.0
Alice Wu,1.19,,1,7.6,13.0,774.0
Cristian Mungiu,1.19,0.59,1,7.9,163.0,14000.0
Kurt Hale,1.18,0.5,2,6.2,0.0,43.5
Wayne Beach,1.18,15.5,1,5.9,7.0,191.0
Sajid Khan,1.17,,1,5.3,0.0,250.0
David Sington,1.13,2.0,1,8.1,90.0,0.0
Siddiq Barmak,1.13,0.05,1,7.4,6.0,0.0
George Gallo,1.12,13.5,2,5.95,269.0,115.0
Je-kyu Kang,1.11,12.8,1,8.1,16.0,0.0
Gary Rogers,1.1,2.0,1,3.3,0.0,32.0
Sarah Gavron,1.09,,1,6.7,34.0,430.0
Bob Rafelson,1.08,22.0,1,6.1,30.0,145.0
Roland Joffé,1.07,36.0,3,4.97,596.0,1118.0
Christopher Cain,1.07,11.0,1,5.8,58.0,411.0
Matthew Diamond,1.06,20.0,1,6.7,12.0,831.0
Nadine Labaki,1.06,1.3,1,7.2,0.0,0.0
James Cox,1.06,7.0,3,6.2,10.0,637.33
Paul Schrader,1.06,5.56,4,5.3,261.0,236.5
Christian Carion,1.05,22.0,1,7.8,13.0,11000.0
Meiert Avis,1.05,9.0,1,4.2,0.0,128.0
Rodrigo Cortés,1.03,8.5,2,6.6,89.0,17000.0
Jon Shear,1.03,0.22,1,7.0,0.0,72.0
Joe Cornish,1.02,13.0,1,6.6,115.0,18000.0
Whit Stillman,1.01,,1,5.7,89.0,0.0
James Toback,1.0,3.25,2,5.25,56.0,250.0
Lynne Ramsay,1.0,7.0,2,7.1,159.0,19302.5
Marc Levin,0.98,1.0,1,7.2,12.0,603.0
Robby Henson,0.98,2.4,1,5.1,9.0,250.0
Max Färberböck,0.93,15.0,1,7.3,4.0,687.0
Majid Majidi,0.93,0.18,1,8.5,373.0,0.0
Joseph Dorman,0.91,0.5,1,6.8,0.0,287.0
Piyush Dinker Pandya,0.9,0.25,1,6.7,0.0,133.0
Salvador Carrasco,0.89,3.5,1,6.8,22.0,140.0
Marc Forby,0.88,9.0,1,6.2,3.0,0.0
Siddharth Anand,0.87,6.0,1,5.4,5.0,108.0
Dave McKean,0.86,4.0,1,6.9,21.0,0.0
Carroll Ballard,0.86,12.0,1,7.3,19.0,0.0
Vera Farmiga,0.84,,1,6.3,0.0,952.0
James Manera,0.83,5.0,1,4.4,0.0,0.0
Mike Cahill,0.83,0.1,2,7.15,135.0,26500.0
Henry Jaglom,0.82,,1,7.0,69.0,91.0
Richard Dutcher,0.8,1.0,1,7.2,13.0,100.0
Michael McGowan,0.8,6.0,1,7.6,12.0,989.0
Robert Towne,0.78,25.0,1,7.2,162.0,942.0
Hong-jin Na,0.77,,1,7.7,43.0,0.0
Thomas Vinterberg,0.76,18.37,3,7.67,346.0,21844.0
Ralph Fiennes,0.76,,1,6.2,0.0,12000.0
Gia Coppola,0.75,,1,6.3,71.0,0.0
Mike van Diem,0.71,4.5,1,7.8,4.0,689.0
Rebecca Miller,0.71,1.5,1,6.7,58.0,608.0
René Féret,0.71,,1,6.4,0.0,0.0
Jason Eisener,0.7,3.0,1,6.1,59.0,37000.0
Kelly Reichardt,0.7,0.25,3,6.77,129.0,198.0
John Turturro,0.69,,2,6.25,0.0,37.0
Tomm Moore,0.69,6.5,1,7.7,45.0,11000.0
Jafar Panahi,0.67,0.01,1,7.5,397.0,697.0
Ol Parker,0.67,7.9,2,7.05,21.0,0.0
Kaige Chen,0.67,60.0,1,5.6,45.0,445.0
Sidney Lumet,0.66,12.5,2,6.55,0.0,44.0
Greg Harrison,0.65,0.32,2,6.0,7.0,49.0
Ham Tran,0.64,1.59,1,7.4,5.0,100.0
Laurent Tirard,0.63,16.0,2,7.25,2.0,407.5
Scandar Copti,0.62,,1,7.4,13.0,0.0
Jirí Menzel,0.62,84.45,1,7.4,44.0,1000.0
Roger Nygard,0.62,0.38,1,7.0,3.0,672.0
William Dear,0.62,12.5,2,5.6,50.0,29.0
Hsiao-Hsien Hou,0.61,15.0,1,6.4,141.0,0.0
Aki Kaurismäki,0.61,3.85,1,7.2,592.0,0.0
Khalid Mohamed,0.61,1.0,1,6.2,10.0,92.0
Rich Cowan,0.61,1.3,1,6.5,7.0,117.0
Jacob Aaron Estes,0.6,0.5,1,7.3,9.0,1000.0
Steve Taylor,0.59,1.2,1,6.0,14.0,0.0
Jonathan Caouette,0.59,0.0,1,7.2,20.0,754.0
Joshua Seftel,0.58,10.0,1,5.7,0.0,883.0
Andrew Jarecki,0.58,,1,6.3,46.0,0.0
David Jacobson,0.57,8.0,1,6.5,12.0,412.0
Rohan Sippy,0.56,,1,6.2,4.0,421.0
Mars Callahan,0.56,4.0,1,7.0,60.0,872.0
James Schamus,0.56,,1,7.8,44.0,599.0
Bill Muir,0.55,,1,4.8,19.0,715.0
Gaspar Noé,0.54,13.0,2,7.35,929.0,18000.0
Martin Koolhoven,0.54,4.0,1,7.1,12.0,0.0
Myles Berkowitz,0.54,0.06,1,5.3,0.0,30.0
Huck Botko,0.54,3.4,1,4.6,10.0,974.0
Steve James,0.53,8.0,1,6.8,23.0,0.0
Stewart Raffill,0.53,,1,3.4,12.0,277.0
Michel Leclerc,0.51,4.6,1,7.2,3.0,0.0
Marc F. Adler,0.51,40.0,1,4.4,0.0,211.0
Larry Clark,0.51,,1,7.0,184.0,0.0
William Bindley,0.51,,1,6.5,4.0,282.0
Khyentse Norbu,0.51,1.8,1,7.5,28.0,353.0
Andrey Zvyagintsev,0.5,,1,8.0,445.0,0.0
Joshua Oppenheimer,0.48,1.0,1,8.2,50.0,20000.0
Corey Yuen,0.48,21.0,1,4.8,23.0,0.0
Fenton Bailey,0.48,3.5,2,6.55,13.0,296.0
Frank Sebastiano,0.48,2.8,1,6.0,3.0,323.0
Andrew Haigh,0.47,0.12,1,7.7,131.0,0.0
Richard Ayoade,0.47,,1,7.3,0.0,17000.0
Finn Taylor,0.46,1.0,1,7.0,4.0,166.0
Jeff Nathanson,0.46,,1,5.7,23.0,89.0
Chatrichalerm Yukol,0.45,400.0,1,6.6,6.0,124.0
Takeshi Kitano,0.45,10.0,1,7.2,0.0,0.0
Jamal Hill,0.44,1.9,1,7.2,47.0,1000.0
Maryam Keshavarz,0.44,,1,5.9,32.0,0.0
Tom Kalin,0.43,4.6,1,5.9,4.0,0.0
José Luis Valenzuela,0.43,1.0,1,3.6,0.0,24.0
C. Jay Cox,0.43,0.68,2,6.45,6.0,30.0
Ray Griggs,0.43,0.4,1,5.1,4.0,638.0
Shane Carruth,0.42,0.01,1,7.0,291.0,19000.0
Steve Buscemi,0.42,0.9,2,6.9,12000.0,555.0
Leslye Headland,0.42,3.0,1,5.3,21.0,0.0
Katsuhiro Ôtomo,0.41,2127.52,1,6.9,78.0,973.0
Jonas Åkerlund,0.41,2.0,1,6.45,68.0,1500.0
Henry Bean,0.41,1.5,1,7.2,21.0,0.0
Alain Resnais,0.4,,1,6.3,752.0,512.0
Ray Lawrence,0.4,15.0,1,6.4,10.0,302.0
Mike Figgis,0.4,4.0,1,5.4,81.0,111.0
Rick Bieber,0.4,6.0,1,5.7,11.0,0.0
Sally Potter,0.4,1.0,1,6.9,87.0,305.0
Isabel Coixet,0.4,2.0,1,7.6,148.0,0.0
Lena Dunham,0.39,0.06,1,6.3,969.0,0.0
Spencer Susser,0.38,7.0,1,7.1,58.0,19000.0
Maurizio Benazzo,0.38,0.2,1,7.2,0.0,30.0
Hans Canosa,0.38,0.45,1,7.1,3.0,0.0
Anna Muylaert,0.38,4.0,1,7.9,9.0,0.0
David Anspaugh,0.38,20.0,1,6.2,25.0,445.0
Andrea Arnold,0.37,,1,7.3,121.0,0.0
David Duchovny,0.37,6.0,1,7.0,0.0,857.0
Gregor Jordan,0.35,16.5,2,6.0,34.0,832.0
Agnieszka Holland,0.35,11.0,1,6.8,238.0,0.0
Ashish R. Mohan,0.35,,1,4.3,2.0,365.0
Mitchell Lichtenstein,0.35,,1,5.4,53.0,17000.0
Keith Gordon,0.34,8.0,1,5.6,200.0,494.0
Matt Dillon,0.33,17.5,1,6.0,0.0,204.0
Craig Zobel,0.32,0.27,1,6.4,25.0,0.0
Udayan Prasad,0.32,15.5,1,6.8,4.0,1000.0
Michael Landon Jr.,0.32,2.6,2,6.55,84.0,180.5
Petter Næss,0.31,15.5,1,7.6,16.0,0.0
Alex Zamm,0.31,10.0,1,2.3,43.0,724.0
Christopher Morris,0.3,,1,7.3,69.0,17000.0
Lucrecia Martel,0.3,1.4,1,6.7,33.0,57.0
Stefan Schwartz,0.3,3.0,1,6.6,13.0,167.0
Andrew Currie,0.3,8.0,1,6.8,8.0,0.0
Eric Schaeffer,0.3,0.5,1,6.0,71.0,139.0
Anthony Powell,0.29,1.0,1,7.6,9.0,0.0
Efram Potelle,0.28,1.0,1,6.1,2.0,150.0
Kevin Jordan,0.28,0.04,1,7.6,4.0,0.0
Alex Gibney,0.27,1.0,1,7.7,141.0,0.0
Fatih Akin,0.27,4.0,1,7.3,766.0,0.0
Robert Lee King,0.27,1.5,1,6.3,0.0,614.0
André Øvredal,0.25,19.9,1,7.0,12.0,38000.0
Harry Gantz,0.25,,1,4.7,0.0,51.0
Paul Fierlinger,0.25,,1,6.9,3.0,675.0
Bigas Luna,0.24,,1,6.8,163.0,85.0
Mike Bruce,0.24,0.03,1,4.1,6.0,13.0
Neema Barnette,0.24,0.5,1,5.3,21.0,86.0
Karen Moncrieff,0.24,1.0,2,6.7,22.0,457.0
Feroz Abbas Khan,0.24,,1,7.4,0.0,133.0
Jeremy Brock,0.24,,1,6.8,16.0,864.0
Gareth Edwards,0.24,0.5,1,6.4,380.0,19000.0
Richard E. Grant,0.23,7.0,1,6.9,554.0,311.0
Mathieu Amalric,0.23,,1,6.3,412.0,389.0
Lance Hool,0.23,11.35,1,6.2,0.0,271.0
John Maclean,0.23,,1,6.9,85.0,0.0
Errol Morris,0.23,,1,7.5,239.0,489.0
Dan Harris,0.23,4.0,1,7.3,24.0,345.0
Rohit Jagessar,0.23,,1,7.4,0.0,32.0
Mel Smith,0.23,10.0,1,6.2,302.0,117.0
Eli Craig,0.22,,1,7.6,27.0,49000.0
Bobcat Goldthwait,0.22,,1,6.9,800.0,0.0
Robert Cary,0.22,3.5,1,6.5,0.0,360.0
Morgan J. Freeman,0.22,1.25,2,6.35,204.0,60.0
Justin Dillon,0.22,0.2,1,7.5,0.0,26.0
Emma-Kate Croghan,0.21,0.25,1,6.4,0.0,46.0
Claude Chabrol,0.21,60.0,2,6.6,324.0,42.5
Claude Miller,0.21,50.0,1,6.9,27.0,26.0
Bill Plympton,0.2,0.25,1,7.0,45.0,178.0
Tim Heidecker,0.2,3.0,1,5.3,78.0,0.0
Mateo Gil,0.2,,1,6.6,3.0,0.0
R. Balki,0.2,150.0,1,7.2,12.0,504.0
Laurie Collyer,0.2,2.0,1,6.6,38.0,474.0
Thaddeus O'Sullivan,0.2,7.0,1,6.7,5.0,97.0
Lajos Koltai,0.2,2500.0,1,7.1,45.0,607.0
Jeff Garlin,0.19,1.5,1,6.2,522.0,0.0
Andrey Konchalovskiy,0.19,90.0,1,4.4,96.0,788.0
Joe Swanberg,0.19,0.07,2,5.85,217.0,406.0
Lukas Moodysson,0.18,,1,7.9,187.0,0.0
Carmen Marron,0.18,2.45,1,3.9,29.0,566.0
Allison Anders,0.18,0.25,1,6.1,99.0,93.0
Alan Rudolph,0.18,12.0,1,4.6,18.0,458.0
Sherman Alexie,0.17,0.2,1,6.9,18.0,96.0
Joshua Tickell,0.17,2.5,1,7.6,9.0,588.0
Bruce Campbell,0.17,1.5,1,6.3,0.0,0.0
Maïwenn,0.17,,1,7.3,236.0,0.0
Randy Moore,0.17,,1,5.2,13.0,0.0
Rafa Lara,0.17,10.0,1,6.2,21.0,874.0
Michel Orion Scott,0.16,0.16,1,7.4,0.0,0.0
Eytan Fox,0.16,1.5,1,7.3,21.0,0.0
Marco Kreuzpaintner,0.15,7.35,2,7.45,7.0,221.0
Jake Scott,0.15,,1,7.0,26.0,0.0
Molly Bernstein,0.15,0.5,1,7.1,0.0,590.0
Fernando León de Aranoa,0.15,4.0,1,7.7,58.0,0.0
David Leland,0.15,38.0,2,5.55,2.0,220.5
Lucky McKee,0.15,0.5,1,6.7,75.0,0.0
Ole Christian Madsen,0.15,45.0,1,7.3,28.0,0.0
Paul Crowder,0.14,1.0,1,7.3,10.0,587.0
Richard Raymond,0.14,4.0,1,6.0,10.0,0.0
Deon Taylor,0.14,5.0,1,4.1,26.0,0.0
Christopher Smith,0.14,8.5,2,6.75,76.0,6500.0
Marius A. Markevicius,0.13,0.5,1,8.4,6.0,0.0
Stuart Gordon,0.13,10.0,1,6.3,216.0,661.0
Henry Hobson,0.13,8.5,1,5.6,9.0,22000.0
Romesh Sharma,0.13,70.0,1,5.1,0.0,9.0
Teddy Chan,0.13,24.0,2,6.7,3.0,382.5
Peter Ho-Sun Chan,0.13,40.0,1,7.1,31.0,0.0
Conor McPherson,0.13,,1,6.2,0.0,580.0
Li Zhang,0.13,18.0,1,6.0,0.0,0.0
Andrew Wilson,0.13,8.0,1,5.5,387.0,143.0
Nicholas Fackler,0.12,5.0,1,7.3,6.0,777.0
Lance Mungia,0.12,2.0,1,6.7,4.0,0.0
Warren P. Sonoda,0.12,3.5,1,4.7,28.0,0.0
Daniel Algrant,0.12,22.0,1,5.5,3.0,217.0
Chuan Lu,0.12,12.0,1,7.7,14.0,0.0
Pete Jones,0.12,1.5,1,6.5,18.0,304.0
Tim Boxell,0.12,2.5,1,6.6,10.0,144.0
Joey Lauren Adams,0.12,6.0,1,6.2,781.0,224.0
Shane Meadows,0.12,1.1,4,7.55,222.0,2927.0
James Dodson,0.12,14.0,1,6.2,8.0,0.0
Guillaume Canet,0.11,25.25,2,6.8,0.0,0.0
Tom Putnam,0.11,0.22,1,7.5,15.0,801.0
Robinson Devor,0.11,1.2,1,7.3,14.0,73.0
Larry Blamire,0.11,0.04,1,7.0,56.0,0.0
Yorgos Lanthimos,0.11,,1,7.3,252.0,13000.0
Rachel Perkins,0.11,6.5,1,6.3,3.0,479.0
Bob Giraldi,0.11,,1,7.3,34.0,495.0
Marc Schölermann,0.11,8.0,1,6.0,3.0,3000.0
Agnieszka Wojtowicz-Vosloo,0.11,4.5,1,5.9,0.0,7000.0
Andrea Di Stefano,0.11,17.0,1,6.6,30.0,0.0
Adam Carolla,0.11,1.5,1,6.1,102.0,212.0
Justin Kerrigan,0.1,2.2,1,7.1,8.0,0.0
Goran Dukic,0.1,1.0,1,7.4,21.0,11000.0
Tony Jaa,0.1,300.0,1,6.2,0.0,0.0
Adam Rapp,0.1,3.5,1,6.4,9.0,414.0
Heidi Ewing,0.1,3.0,1,6.4,4.0,0.0
Hue Rhodes,0.1,3.8,1,5.8,0.0,407.0
Julio DePietro,0.1,8.0,1,5.9,0.0,1000.0
Jorge Ramírez Suárez,0.1,4.0,1,7.7,45.0,0.0
Arjun Sablok,0.1,1.5,1,3.3,0.0,66.0
Kief Davidson,0.1,1.0,1,6.8,0.0,0.0
Reed Cowan,0.1,2.5,1,7.1,0.0,0.0
Quentin Dupieux,0.1,0.5,1,5.8,248.0,46000.0
Johnny Remo,0.1,1.0,1,5.6,74.0,706.0
Remo,0.1,,1,6.4,168.0,1000.0
Kiyoshi Kurosawa,0.09,1.0,1,7.4,62.0,817.0
Katherine Dieckmann,0.09,5.0,1,4.7,8.0,546.0
Steven R. Monroe,0.09,2.0,1,6.3,68.0,17000.0
Barry Skolnick,0.09,2.5,1,6.5,0.0,0.0
David Pastor,0.09,,1,6.0,10.0,0.0
Ti West,0.09,0.82,2,5.95,243.0,0.0
Giuseppe Tornatore,0.09,13.5,1,7.8,911.0,31000.0
Doug Block,0.08,,1,7.5,0.0,70.0
Gérard Krawczyk,0.08,15.3,1,6.6,7.0,0.0
Richard Montoya,0.08,,1,6.3,12.0,358.0
Daryl Wein,0.08,0.02,1,6.2,38.0,324.0
Alex Rivera,0.08,2.5,1,5.9,8.0,0.0
Kate Connor,0.07,3.0,1,5.9,27.0,348.0
Ryûhei Kitamura,0.07,15.0,1,6.1,129.0,0.0
Daniel Lee,0.07,45.0,2,6.15,10.0,157.0
Michael D. Sellers,0.07,2.5,1,5.7,0.0,140.0
Stéphane Aubier,0.07,9.6,1,7.9,2.0,0.0
Michael Clancy,0.07,6.5,1,6.7,0.0,376.0
Neill Dela Llana,0.07,0.01,1,6.3,0.0,74.0
Gary Sinyor,0.07,,1,6.4,0.0,109.0
Oren Moverman,0.07,6.5,1,7.2,38.0,0.0
Hans Petter Moland,0.06,6.5,1,7.3,19.0,260.0
Christian Volckman,0.06,14.0,1,6.7,2.0,0.0
Benjamin Dickinson,0.06,1.0,1,5.5,4.0,793.0
E.L. Katz,0.06,0.2,1,6.8,3.0,0.0
Kurt Voss,0.06,1.2,1,6.1,0.0,27.0
Catherine Jelski,0.06,,1,4.2,0.0,4.0
Panos Cosmatos,0.06,1.1,1,6.1,22.0,0.0
Jugal Hansraj,0.06,,1,5.3,32.0,39.0
Robert Moresco,0.05,8.0,1,6.4,53.0,294.0
Claudia Llosa,0.05,8.0,1,5.3,43.0,675.0
James Mottern,0.05,2.0,1,6.7,7.0,371.0
Arie Posin,0.05,6.8,1,7.0,3.0,1000.0
Johnnie To,0.05,35.0,1,7.3,143.0,528.0
Vivek Agnihotri,0.05,1.5,1,4.8,5.0,31.0
Nick Tomnay,0.05,0.5,1,6.8,11.0,0.0
Michael Kang,0.05,,1,6.8,269.0,62.0
Stephen Milburn Anderson,0.05,7.0,1,6.0,0.0,694.0
Mary McGuckian,0.04,24.0,1,5.1,6.0,181.0
Brandon Trost,0.04,0.06,1,5.6,32.0,0.0
Jason Alexander,0.04,3.0,1,6.7,700.0,117.0
Guy Maddin,0.04,1.6,1,7.0,126.0,131.0
Nacho Vigalondo,0.04,2.6,1,7.2,76.0,0.0
Peter Stebbings,0.04,3.5,1,6.8,89.0,0.0
William H. Macy,0.04,5.0,1,7.5,0.0,0.0
Zak Penn,0.04,1.4,1,6.6,87.0,400.0
S.R. Bindler,0.04,6.0,1,4.7,0.0,850.0
Shane Dawson,0.04,0.6,1,5.1,247.0,0.0
Mor Loushy,0.03,0.45,1,7.2,0.0,111.0
Julie Davis,0.03,,1,5.4,12.0,97.0
Florence Ayisi,0.03,,1,7.5,0.0,50.0
John H. Lee,0.03,12.62,1,6.8,32.0,139.0
Stefan Ruzowitzky,0.03,15.13,3,5.63,24.0,251.0
Dito Montiel,0.03,15.0,1,5.1,68.0,0.0
George Ratliff,0.03,9.0,1,5.3,3.0,1000.0
Mario Van Peebles,0.03,25.0,1,5.0,535.0,358.0
Nick Love,0.03,2.0,2,5.5,63.0,274.5
Ari Kirschenbaum,0.03,,1,5.8,0.0,7.0
Léa Pool,0.02,6.85,2,6.85,4.0,2696.0
Bradley Rust Gray,0.02,,1,6.3,2.0,377.0
Eric Bress,0.02,13.0,1,7.7,19.0,15000.0
Ruairi Robinson,0.02,7.0,1,5.5,7.0,0.0
Gene Teigland,0.02,0.6,1,5.6,0.0,11.0
Vicente Amorim,0.02,15.0,1,6.2,6.0,921.0
Lloyd Kaufman,0.02,0.5,1,6.2,365.0,0.0
Hitoshi Matsumoto,0.02,5.5,1,6.1,17.0,543.0
Akiva Goldsman,0.02,60.0,1,6.2,167.0,17000.0
Dan Zukovic,0.02,,1,6.9,8.0,43.0
Catherine Gund,0.02,0.5,1,6.8,0.0,44.0
Jake Paltrow,0.02,15.0,1,5.9,17.0,445.0
Karim Aïnouz,0.02,4.0,1,6.1,19.0,278.0
Kate Barker-Froyland,0.02,6.0,1,5.8,4.0,0.0
Kat Coiro,0.02,0.93,1,5.7,28.0,995.0
Dagur Kári,0.02,3.8,1,6.9,29.0,0.0
Jonathan Kesselman,0.02,1.0,1,6.2,4.0,3000.0
Michael Meredith,0.02,10.0,1,5.5,7.0,370.0
Jim Mickle,0.02,0.65,1,6.5,53.0,0.0
Pascal Arnold,0.02,1.4,1,5.8,0.0,104.0
Oliver Blackburn,0.02,0.9,1,5.2,4.0,0.0
Hilary Brougher,0.02,0.25,1,6.3,0.0,67.0
Ben Wheatley,0.02,0.5,2,6.4,214.0,267.5
Noah Buschel,0.02,1.5,1,6.2,8.0,195.0
Pan Nalin,0.02,0.42,2,7.3,95.0,252.5
Klaus Menzel,0.02,5.0,1,3.3,34.0,40.0
John Duigan,0.02,21.0,1,5.8,18.0,284.0
Marianna Palka,0.02,,1,6.5,123.0,0.0
Arthur Hiller,0.02,10.0,1,3.5,71.0,89.0
Rich Christiano,0.02,0.82,1,5.6,14.0,409.0
Christopher M. Bessette,0.02,,1,5.4,0.0,543.0
Timothy Hines,0.01,12.0,1,7.5,0.0,26000.0
Scott Ziehl,0.01,0.6,1,6.6,4.0,51.0
Simon Yin,0.01,,1,3.9,0.0,115.0
Alex Smith,0.01,0.5,1,6.1,12.0,183.0
Franck Khalfoun,0.01,6.0,1,6.1,33.0,0.0
Hunter Richards,0.01,0.01,1,6.6,11.0,0.0
Sol Tryon,0.01,0.5,1,6.5,0.0,339.0
Benedikt Erlingsson,0.01,10.0,1,6.9,4.0,1000.0
Sue Corcoran,0.01,0.1,1,4.7,14.0,39.0
Claudia Sainte-Luce,0.01,1.3,1,7.0,0.0,407.0
Damian Nieman,0.01,6.8,1,6.4,0.0,413.0
Jennifer Wynne Farmer,0.01,0.7,1,6.5,0.0,102.0
Daniel Hsia,0.01,,1,6.3,0.0,660.0
Eric Nicholas,0.01,1.0,1,6.1,0.0,244.0
Kay Pollak,0.01,25.0,1,7.6,10.0,0.0
Ernie Barbarash,0.01,6.0,2,5.45,249.0,0.0
James David Pasternak,0.01,1.2,1,6.2,0.0,87.0
Eric Styles,0.01,2.0,1,6.4,4.0,100.0
Ramaa Mosley,0.01,0.9,1,6.4,6.0,0.0
Hal Haberman,0.01,1.0,1,6.9,0.0,0.0
Sara Newens,0.01,0.15,1,7.1,0.0,116.0
Eddie O'Flaherty,0.01,0.2,1,6.6,3.0,30.0
Francesca Gregorini,0.01,3.0,1,5.9,15.0,448.0
Ralph Ziman,0.0,2.0,1,7.8,5.0,1000.0
Dena Seidel,0.0,0.15,1,7.0,0.0,215.0
Jonathan Newman,0.0,25.0,1,5.4,3.0,0.0
Phil Morrison,0.0,,1,5.6,17.0,825.0
Jeremy Degruson,0.0,34.0,1,6.3,0.0,0.0
Ruba Nadda,0.0,4.0,1,5.2,55.0,657.0
Tom Sanchez,0.0,1.2,1,7.2,0.0,75.0
Álex de la Iglesia,0.0,10.0,1,6.1,275.0,0.0
Bruce McDonald,0.0,1.5,1,6.7,49.0,0.0
Robert Fontaine,0.0,2.1,1,7.2,7.0,305.0
André Téchiné,0.0,,1,6.0,25.0,120.0
Adam Goldberg,0.0,1.65,1,5.4,1000.0,63.0
Bruce Dellis,0.0,0.3,1,4.8,0.0,261.0
Paul Bunnell,0.0,2.0,1,5.7,5.0,655.0
U. Roberto Romano,0.0,0.56,1,7.2,6.0,88.0
John D. Hancock,0.0,,1,6.6,44.0,175.0
Boris Rodriguez,0.0,1.5,1,5.7,5.0,932.0
Alex Craig Mann,0.0,0.5,1,4.6,38.0,898.0
Ricki Stern,0.0,0.2,1,7.7,15.0,246.0
Ian Fitzgibbon,0.0,,1,6.4,11.0,663.0
Robert Sarkies,0.0,,1,7.3,0.0,285.0
Frank Whaley,0.0,1.5,1,5.4,436.0,47.0
Ekachai Uekrongtham,0.0,9.0,1,5.7,3.0,0.0
A. Raven Cruz,,1.0,1,1.9,0.0,128.0
Aaron Hann,,,1,6.0,0.0,0.0
Adam Green,,1.5,1,5.7,134.0,0.0
Adam Jay Epstein,,,1,3.8,0.0,636.0
Agustín Díaz Yanes,,24.0,1,6.1,13.0,0.0
Al Franklin,,0.3,1,4.3,0.0,85.0
Alan Jacobs,,,1,7.3,2.0,237.0
Alan Yuen,,,1,6.2,0.0,332.0
Alec Asten,,0.5,1,4.3,5.0,62.0
Aleksandr Veledinskiy,,4.0,1,7.5,0.0,282.0
Aleksey German,,7.0,1,6.7,23.0,1000.0
Alex Ranarivelo,,2.0,1,4.8,20.0,724.0
Alex van Warmerdam,,2.65,1,7.0,53.0,121.0
Allison Burnett,,0.95,1,6.0,12.0,884.0
Amal Al-Agroobi,,0.12,1,8.2,58.0,54.0
Amanda Gusack,,3.5,1,6.1,0.0,127.0
Amat Escalante,,1.0,1,6.8,50.0,0.0
Analeine Cal y Mayor,,4.7,1,6.2,4.0,199.0
Andrew Berends,,0.12,1,6.6,0.0,14.0
Andrew Bujalski,,,2,6.65,26.0,99.5
Andrew Hyatt,,0.25,1,4.4,7.0,519.0
Andrew Leman,,0.05,1,7.3,2.0,0.0
Andrew Steggall,,1.1,1,7.0,0.0,75.0
Andrew Traucki,,,1,5.8,10.0,0.0
Andrucha Waddington,,8.0,1,7.5,6.0,385.0
Andrés Couturier,,8.0,1,4.4,0.0,138.0
Anna Mastro,,0.7,1,5.3,7.0,0.0
Anthony C. Ferrante,,1.0,1,3.3,48.0,93000.0
Anthony O'Brien,,2.1,1,5.5,7.0,380.0
Anthony Silverston,,20.0,1,5.8,0.0,0.0
Anthony Vallone,,0.0,1,7.8,2.0,4.0
Antonio Simoncini,,3.44,1,3.1,0.0,606.0
Avi Nesher,,1.0,1,5.5,6.0,18.0
Babar Ahmed,,0.35,1,3.2,0.0,53.0
Barrett Esposito,,10.0,1,6.7,0.0,165.0
Becky Smith,,1.0,1,6.3,32.0,143.0
Ben Stassen,,,1,6.1,4.0,0.0
Benedek Fliegauf,,3.66,1,6.4,28.0,0.0
Benjamin Roberds,,0.0,1,6.3,0.0,16.0
Benni Diez,,2.5,1,5.0,2.0,0.0
Bill Benenson,,0.65,1,7.4,0.0,5.0
Billy Kent,,5.0,1,5.6,0.0,255.0
Blair Erickson,,0.95,1,5.5,0.0,2000.0
Blaz Zavrsnik,,0.5,1,6.4,0.0,18.0
Bo Zenga,,,1,3.6,10.0,934.0
Bobby Roth,,,1,5.0,40.0,47.0
Brad Copeland,,2.0,1,6.6,8.0,0.0
Brandon Cronenberg,,3.2,1,5.7,43.0,0.0
Brandon Landers,,0.02,0,3.0,8.0,33.0
Brenton Spencer,,1.2,1,3.8,0.0,238.0
Brett Piper,,0.08,1,4.5,7.0,34.0
Brian A Miller,,18.0,1,4.6,32.0,0.0
Brian Caunter,,3.0,1,6.2,0.0,229.0
Brian Dorton,,3.0,1,7.3,171.0,52.0
Bruce Macdonald,,4.0,1,4.7,103.0,365.0
C. Fraser Press,,0.2,1,6.7,0.0,38.0
Cary Bell,,0.18,1,8.7,0.0,88.0
Caryn Waechter,,1.0,1,6.3,0.0,523.0
Cassandra Nicolaou,,0.9,1,6.0,0.0,12.0
Chad Hartigan,,0.04,1,6.6,3.0,234.0
Chad Kapper,,0.35,1,3.4,0.0,240.0
Chao-Bin Su,,12.0,1,6.9,2.0,1000.0
Charles Adelman,,3.5,1,4.8,0.0,211.0
Charles Binamé,,8.0,1,7.7,2.0,520.0
Charles Matthau,,6.0,0,6.5,139.0,0.0
Charlie Levi,,1.0,1,6.1,0.0,3.0
Chris Atkins,,0.4,1,7.4,2.0,203.0
Chris D'Arienzo,,,1,5.9,7.0,480.0
Chris Marker,,0.15,1,7.4,121.0,44.0
Chris Shadley,,2.0,1,5.5,0.0,0.0
Christian Sesma,,3.0,1,3.9,9.0,398.0
Christophe Ali,,,1,5.4,0.0,11.0
Christopher Hutson,,0.75,1,3.1,3.0,128.0
Chuck Bowman,,1.5,1,4.6,42.0,352.0
Clark Baker,,,1,6.2,0.0,14.0
Colin Minihan,,0.1,1,6.1,6.0,0.0
Collin Joseph Neal,,0.05,1,3.7,14.0,225.0
Collin Schiffli,,,1,6.2,4.0,679.0
Conor McMahon,,,1,5.7,5.0,0.0
Corbin Bernsen,,0.25,1,5.7,1000.0,141.0
Corey Grant,,1.8,1,5.4,21.0,569.0
Craig Moss,,2.15,2,2.65,19.0,1000.0
D. Stevens,,1.0,1,3.9,6.0,91.0
Damir Catic,,0.06,1,5.4,2.0,48.0
Dan Curtis,,,2,7.4,45.0,515.0
Dan Ireland,,4.0,1,5.0,137.0,98.0
Dan Perri,,2.1,1,6.7,0.0,14.0
Dan Reed,,1.8,1,5.6,3.0,246.0
Daniel Columbie,,0.3,1,4.3,0.0,17.0
Daniel Davila,,0.85,1,7.4,0.0,18.0
Daniel Mellitz,,,1,4.7,0.0,2.0
Daniel Petrie Jr.,,3.5,1,4.8,19.0,570.0
Daniel Schechter,,,1,6.3,8.0,209.0
Daniele Luchetti,,15.0,1,5.7,6.0,18.0
Danny Perez,,3.5,1,6.3,0.0,89.0
Danny Provenzano,,,1,5.4,84.0,61.0
Dany Boon,,11.0,1,7.1,172.0,3000.0
Darin Scott,,3.0,0,4.8,39.0,395.0
Darrell Roodt,,15.0,1,6.0,36.0,705.0
Daston Kalili,,0.5,1,5.8,2.0,0.0
Dave Carroll,,0.05,1,7.9,0.0,33.0
Dave Payne,,2.0,1,4.9,0.0,153.0
Dave Rodriguez,,1.5,0,6.3,11.0,283.0
David Caffrey,,,1,6.1,4.0,480.0
David Cross,,1.0,1,5.8,0.0,903.0
David DeCoteau,,1.0,2,3.0,142.0,102.0
David Hayter,,18.0,1,5.3,512.0,0.0
David Hewlett,,0.12,2,7.0,686.0,377.0
David Hunt,,1.75,1,6.3,0.0,73.0
David Lam,,7.0,1,5.3,4.0,55.0
David Lowery,,65.0,1,7.3,38.0,21000.0
David Oelhoffen,,7.7,1,7.3,2.0,2000.0
David Ray,,1.5,1,6.8,0.0,193.0
David Winning,,1.5,1,2.8,65.0,236.0
David Winters,,12.0,1,2.8,49.0,634.0
David Worth,,1.4,1,6.9,58.0,223.0
Deborah Anderson,,0.15,1,5.3,4.0,207.0
Dennis Gansel,,5.0,1,7.6,23.0,25000.0
Derick Martini,,2.0,1,4.5,20000.0,0.0
Deryck Broom,,15.0,1,3.7,11.0,381.0
Dominic Burns,,2.5,1,3.1,15.0,0.0
Don Coscarelli,,1.0,1,7.2,152.0,0.0
Duane Journey,,4.5,1,4.3,2.0,0.0
Dylan Bank,,1.2,1,4.2,0.0,242.0
Edward Hall,,,1,7.2,0.0,434.0
Eldar Rapaport,,,1,6.1,0.0,224.0
Emily Dell,,,1,4.0,0.0,303.0
Emily Young,,9.0,1,6.5,6.0,3000.0
Eric Bugbee,,,1,7.1,0.0,197.0
Eric Eason,,0.02,1,7.0,3.0,61.0
Eric England,,,1,4.1,15.0,61.0
Eric Lartigau,,11.0,1,7.4,7.0,0.0
Eric Lavaine,,,1,6.1,0.0,348.0
Eric Mendelsohn,,0.3,1,5.2,5.0,92.0
Erik Canuel,,8.0,1,7.0,31.0,758.0
Fedor Bondarchuk,,29.5,1,5.3,35.0,240.0
Fernando Baez Mella,,0.5,1,6.9,0.0,126.0
Ferzan Ozpetek,,,1,7.3,798.0,0.0
Frank Lotito,,2.0,1,8.2,5.0,232.0
Frédéric Auburtin,,24.0,1,2.0,18.0,0.0
Frédéric Forestier,,78.0,1,5.1,0.0,291.0
Gabe Ibáñez,,7.0,1,6.1,19.0,13000.0
Gabriela Tagliavini,,4.7,1,3.2,20.0,491.0
Georgia Hilton,,,1,2.2,406.0,353.0
Gerard Johnstone,,0.35,1,6.8,3.0,10000.0
Gerry Lively,,15.0,1,4.9,93.0,473.0
Gideon Raff,,,1,4.8,47.0,804.0
Giovanni Zelko,,1.3,1,7.6,4.0,221.0
Gnana Rajasekaran,,,1,7.0,0.0,58.0
Greg Marcks,,6.0,1,7.2,9.0,0.0
Greg Tiernan,,19.0,1,7.5,5.0,13000.0
Guillaume Ivernel,,11.0,1,6.6,0.0,0.0
H.M. Coakley,,0.75,1,4.9,0.0,158.0
Hank Braxtan,,3.0,1,4.0,6.0,369.0
Hao Ning,,9.0,2,7.55,0.0,26.5
Harmage Singh Kalirai,,1.2,1,5.8,11.0,172.0
Hayley Cloake,,2.2,1,4.3,0.0,77.0
Hideaki Anno,,,2,8.2,28.0,0.0
Ian Sharp,,6.5,1,6.5,9.0,830.0
Inna Evlannikova,,25.0,1,5.2,0.0,200.0
Isaac Florentine,,3.0,1,4.9,81.0,968.0
Ivan Engler,,4.5,1,6.2,0.0,2000.0
Ivan Kavanagh,,0.01,1,6.7,18.0,105.0
JK Youn,,,1,5.7,2.0,558.0
Jack Heller,,0.5,1,6.6,0.0,701.0
Jack Perez,,0.3,1,6.4,19.0,0.0
Jackie Earle Haley,,7.0,1,5.8,0.0,0.0
Jaco Booyens,,2.5,1,6.9,37.0,224.0
Jaime Zevallos,,1.5,1,7.6,228.0,132.0
Jake Goldberger,,,1,5.9,2.0,275.0
Jamel Debbouze,,,1,4.9,326.0,161.0
James Kerwin,,2.5,1,5.4,0.0,83.0
James Nunn,,,1,5.4,16.0,0.0
James O'Brien,,0.25,1,4.0,7.0,244.0
Jamie Thraves,,11.5,1,6.0,2.0,443.0
Jamin Winans,,,1,7.0,63.0,11000.0
Jane Clark,,0.01,1,5.2,23.0,30.0
Jason Connery,,10.0,1,3.8,110.0,486.0
Jason Miller,,0.1,1,7.6,0.0,82.0
Jason Naumann,,,1,6.9,2.0,0.0
Jason Stone,,,2,5.8,14.0,0.0
Jason Trost,,0.02,1,4.0,91.0,835.0
Jay Alaimo,,1.2,1,4.6,2.0,479.0
Jay Oliva,,3.5,1,8.4,41.0,5000.0
Jeff Crook,,2.0,1,4.6,5.0,44.0
Jeffrey St. Jules,,1.0,1,5.4,0.0,48.0
Jehane Noujaim,,1.5,1,8.1,63.0,0.0
Jem Cohen,,0.05,1,6.0,6.0,5.0
Jennifer Finnigan,,3.3,1,4.5,246.0,0.0
Jeremy Sims,,9.0,1,7.1,8.0,0.0
Jerome Elston Scott,,0.3,1,7.2,3.0,7.0
Jerry Dugan,,2.0,1,3.4,3.0,728.0
Jeta Amata,,7.5,1,5.6,20.0,389.0
Jim Amatulli,,,1,4.5,0.0,38.0
Jim Chuchu,,0.02,1,7.4,0.0,45.0
Jim Issa,,10.0,1,5.2,5.0,119.0
Joachim Rønning,,32.0,1,5.7,18.0,0.0
Joe Cross,,2.5,1,7.6,65.0,10000.0
Joe Kenemore,,0.45,1,8.2,0.0,460.0
Joe Marino,,1.1,1,2.6,0.0,200.0
Joel Anderson,,1.4,1,6.1,0.0,0.0
Joel Paul Reisig,,0.38,2,6.15,431.0,35.5
Johanna Schwartz,,0.4,1,7.7,0.0,34.0
John Gulager,,3.2,1,6.4,38.0,0.0
John Laing,,,1,6.3,0.0,213.0
John Murlowski,,2.5,1,5.8,20.0,190.0
John Simpson,,2.0,1,6.4,0.0,205.0
Jon Cassar,,11.0,2,6.3,78.0,0.0
Jon Knautz,,2.82,3,5.63,10.0,641.0
Jon Wright,,4.0,1,6.3,4.0,11000.0
Jonathan English,,25.0,1,6.2,9.0,0.0
Jonathan Jakubowicz,,20.0,1,7.2,23.0,0.0
Jonathan Meyers,,1.0,0,5.3,0.0,212.0
Jonathan Parker,,,1,5.0,0.0,29.0
Jorge Gaggero,,0.8,1,7.2,0.0,83.0
Joseph Mazzella,,0.02,1,4.8,0.0,33.0
Julian Gilbey,,7.0,2,6.15,7.0,500.0
Julien Temple,,15.0,1,6.6,67.0,277.0
Juraj Jakubisko,,,1,6.0,15.0,0.0
Justin Molotnikov,,,1,6.9,5.0,33.0
Justin Paul Miller,,,1,8.3,0.0,70.0
Justin Thomas Ostensen,,1.2,1,4.5,0.0,161.0
Justin Tipping,,,1,7.8,2.0,240.0
Jérôme Deschamps,,25.0,1,2.9,0.0,90.0
Jérôme Salle,,16.0,1,6.7,22.0,0.0
K. King,,1.0,1,3.5,3.0,0.0
Kabir Sadanand,,,1,4.7,0.0,62.0
Kari Skogland,,6.0,1,6.9,13.0,0.0
Katherine Brooks,,1.0,1,6.7,57.0,501.0
Katie Aselton,,,1,4.7,224.0,0.0
Keith Parmer,,8.0,1,4.6,2.0,438.0
Ken Del Conte,,0.29,1,4.3,2.0,16.0
Ken Roht,,0.2,1,7.0,0.0,65.0
Kevin Carraway,,5.0,1,3.5,2.0,358.0
Kevin Hamedani,,0.5,1,5.1,23.0,0.0
Khalil Sullins,,,1,5.6,5.0,708.0
Kim Farrant,,10.0,1,5.2,93.0,0.0
Kim Nguyen,,8.7,1,7.2,16.0,187.0
Kimble Rendall,,30.0,1,5.2,0.0,0.0
Kirk Loudon,,0.08,1,5.0,0.0,87.0
Kristin Rizzo,,0.25,1,8.0,30.0,199.0
Kriv Stenders,,8.5,1,7.5,25.0,10000.0
Kundan Shah,,,1,2.8,4.0,10.0
Kunihiko Yuyama,,16.0,1,5.6,8.0,38.0
Lance Kawas,,3.0,1,6.2,66.0,54.0
Lance McDaniel,,0.6,1,8.0,0.0,9.0
Laurent Bouhnik,,1.5,1,5.6,0.0,754.0
Lawrence Kasanoff,,65.0,1,1.7,11.0,0.0
Leon Ford,,,1,6.1,18.0,0.0
Leonard Farlinger,,5.0,1,5.3,0.0,31.0
Leos Carax,,,1,7.1,227.0,12000.0
Lijun Sun,,,1,3.2,0.0,211.0
Liliana Cavani,,30.0,1,6.7,59.0,447.0
Lisa Azuelos,,11.0,1,4.3,15.0,18000.0
Lisanne Pajot,,0.1,1,7.7,0.0,0.0
Liv Ullmann,,5.5,1,5.6,440.0,0.0
Livingston Oden,,,1,6.8,0.0,267.0
Lluís Quílez,,,1,4.7,0.0,844.0
Lori Petty,,,1,6.5,923.0,599.0
Lori Silverbush,,,1,6.9,5.0,122.0
Lucile Hadzihalilovic,,,1,6.4,92.0,257.0
Luke Dye,,0.5,1,5.2,0.0,9.0
Mabel Cheung,,12.0,1,6.2,3.0,4.0
Maksim Fadeev,,30.0,1,4.1,0.0,161.0
Malcolm Goodwin,,0.04,1,5.5,117.0,72.0
Marc Bennett,,5.0,1,6.7,3.0,35.0
Marcio Garcia,,3.0,1,5.5,74.0,433.0
Marcus Nispel,,,1,4.6,158.0,0.0
Mariette Monpierre,,0.9,1,6.7,0.0,24.0
Mark Griffiths,,4.0,1,6.3,4.0,170.0
Mark Young,,3.5,1,5.4,14.0,482.0
Martyn Pick,,,1,5.7,4.0,0.0
Mary Pat Kelly,,1.0,1,5.8,3.0,141.0
Matt Birch,,,2,6.95,0.0,32.5
Matt Jackson,,0.5,1,5.4,0.0,194.0
Matt Johnson,,,1,6.7,8.0,1000.0
Matt Walsh,,,1,5.4,490.0,244.0
Matthew Bright,,3.0,1,6.9,9.0,0.0
Matthew Hastings,,5.0,1,4.6,3.0,174.0
Matthew R. Anderson,,1.1,1,3.0,252.0,444.0
Matthew Watts,,0.45,1,6.8,0.0,31.0
Michael Burke,,0.8,1,7.2,3.0,396.0
Michael Cohn,,26.0,1,6.3,2.0,0.0
Michael Hoffman Jr.,,0.5,1,3.5,32.0,0.0
Michael Jai White,,3.0,1,5.8,2000.0,6000.0
Michael Taliferro,,1.0,1,3.4,105.0,41.0
Michael Walker,,0.6,1,4.5,5.0,128.0
Michael Winnick,,8.0,1,4.2,155.0,689.0
Mike Barker,,20.0,1,6.7,5.0,0.0
Mike Mayhall,,5.0,1,8.6,14.0,49.0
Mikel Rueda,,,1,7.2,0.0,68.0
Mitchell Altieri,,,1,8.7,9.0,8.0
Mona Fastvold,,1.1,1,4.9,2.0,234.0
Mora Stephens,,4.5,1,5.7,5.0,987.0
Nadia Tass,,0.2,1,7.2,20.0,90.0
Nae Caranfil,,5.0,1,7.1,34.0,0.0
Natalie Bible',,0.1,1,3.2,8.0,312.0
Nate Parker,,10.0,1,5.4,664.0,0.0
Nathan Frankowski,,3.4,1,6.6,19.0,0.0
Nathan Smith Jones,,0.1,1,5.7,7.0,0.0
Neil Mcenery-West,,,1,4.8,0.0,275.0
Niall Johnson,,,1,5.6,7.0,29.0
Nick Murphy,,3.0,1,6.5,58.0,10000.0
Nickolas Perry,,1.0,1,5.2,5.0,27.0
Nicolae Constantin Tanase,,0.17,1,6.5,0.0,34.0
Oleg Stepchenko,,26.0,1,5.4,0.0,0.0
Olivier Dahan,,30.0,1,5.7,61.0,6000.0
Paolo Monico,,3.0,1,5.1,3.0,32.0
Pascal Chaumeil,,17.0,1,6.3,8.0,853.0
Pat Holden,,,1,5.4,6.0,0.0
Patrick Gilles,,,1,7.5,0.0,337.0
Patrick Meaney,,0.05,1,7.4,3.0,83.0
Patrick Ryan Sims,,0.1,1,3.6,0.0,17.0
Paul Andrew Williams,,1.5,2,6.6,46.0,786.0
Paul Fox,,0.5,1,6.1,3.0,166.0
Peter Cousens,,14.5,1,6.2,5.0,998.0
Peter DeLuise,,4.4,1,5.9,358.0,224.0
Peter Flinth,,25.0,1,6.6,5.0,0.0
Phil Claydon,,,1,5.2,6.0,0.0
Philip Zlotorynski,,3.0,1,3.3,0.0,48.0
Pou-Soi Cheang,,68.0,1,6.0,3.0,426.0
Qasim Basir,,,1,6.7,13.0,0.0
Rachel Goldenberg,,,1,2.5,7.0,777.0
Raja Menon,,4.4,1,8.5,6.0,10000.0
Rajkumar Hirani,,120.0,1,8.2,124.0,349.0
Rakesh Roshan,,10.0,1,6.3,53.0,533.0
Randall Rubin,,1.0,1,6.2,0.0,138.0
Rania Attieh,,,1,6.3,0.0,142.0
Regardt van den Bergh,,10.0,1,6.9,12.0,0.0
Reinhard Klooss,,,1,4.9,7.0,885.0
Richard Boddington,,2.0,1,4.7,15.0,326.0
Richard Rich,,7.0,0,6.0,24.0,41.0
Richard Schenkman,,0.59,2,6.4,29.0,23021.0
Rita Merson,,2.4,1,5.3,5.0,107.0
Rob Hawk,,27.0,1,5.0,97.0,1000.0
Robert Adetuyi,,10.0,1,4.5,8.0,0.0
Robert Bennett,,1.0,1,2.8,15.0,297.0
Robert C. Cooper,,,1,7.4,49.0,389.0
Robert Greenwald,,1.12,2,7.25,21.0,137.0
Robert Hall,,1.0,1,5.2,53.0,936.0
Robert Heath,,1.0,1,5.6,0.0,968.0
Rohit Jugraj,,3.0,1,6.6,2.0,50.0
Roland Suso Richter,,8.8,1,6.1,3.0,458.0
Russell Friedenberg,,2.0,1,3.6,9.0,135.0
Ryan Smith,,0.65,1,5.4,4.0,1000.0
Sacha Bennett,,7.5,1,4.8,22.0,223.0
Sadyk Sher-Niyaz,,1.4,1,8.7,135.0,0.0
Sai Varadan,,0.12,1,7.2,0.0,72.0
Sam Levinson,,4.0,1,6.0,8.0,798.0
Sam Martin,,0.25,1,7.8,0.0,53.0
Sanjay Rawal,,0.91,1,7.1,0.0,489.0
Sarik Andreasyan,,10.0,1,5.2,9.0,0.0
Scott Dow,,1.25,1,3.4,6.0,0.0
Scott Foley,,5.0,1,5.4,0.0,0.0
Scott Mann,,19.0,2,6.1,8.0,0.0
Scott Smith,,,1,7.7,2.0,84.0
Scott Walker,,27.22,1,6.4,17.0,11000.0
Sean Byrne,,,1,6.7,18.0,0.0
Serdar Akar,,8.3,1,6.0,11.0,467.0
Sharon Greytak,,0.2,1,8.1,0.0,66.0
Shekar,,,1,7.1,0.0,2.0
Shimit Amin,,,1,7.5,6.0,773.0
Shinji Aramaki,,30.0,1,6.5,21.0,0.0
Shintaro Shimosawa,,11.0,1,5.3,29.0,0.0
Shyam Madiraju,,,1,4.8,0.0,452.0
Simeon Rice,,1.5,1,5.5,6.0,307.0
Simon Napier-Bell,,2.0,1,7.4,0.0,0.0
Stanton Barrett,,,1,3.4,20.0,0.0
Stefan C. Schaefer,,1.0,1,5.7,0.0,370.0
Stephen Kijak,,0.5,1,7.3,3.0,808.0
Stephen Langford,,0.02,1,3.2,7.0,178.0
Stevan Mena,,0.2,1,5.1,25.0,198.0
Stuart Hazeldine,,,1,6.9,17.0,14000.0
Sut Jhally,,0.07,1,8.3,3.0,110.0
Tadeo Garcia,,,1,6.1,5.0,22.0
Taedong Park,,10.0,1,4.8,0.0,186.0
Takashi Yamazaki,,12.0,1,6.1,7.0,0.0
Tanner Beard,,2.0,1,4.4,531.0,651.0
Tara Subkoff,,1.5,1,3.3,37.0,750.0
Terron R. Parsons,,0.06,1,3.4,9.0,284.0
Thomas L. Phillips,,0.2,1,5.4,120.0,424.0
Thomas Lilti,,,1,7.2,12.0,36.0
Thorbjørn Christoffersen,,,1,5.7,0.0,77.0
Timothy Woodward Jr.,,1.5,1,3.1,764.0,402.0
Tom Elkins,,9.0,1,5.3,14.0,0.0
Tom Reeve,,32.0,1,5.7,0.0,290.0
Tom Seidman,,0.25,1,6.2,3.0,0.0
Tom Walsh,,20.0,1,4.8,2.0,70.0
Tommy Oliver,,1.0,1,7.1,66.0,181.0
Tony Giglio,,2.6,1,5.3,6.0,254.0
Tony Krantz,,1.8,1,5.3,15.0,368.0
Tran Anh Hung,,18.0,1,5.5,157.0,342.0
Travis Legge,,0.03,2,3.25,138.0,219.5
Travis Romero,,0.62,1,3.9,4.0,0.0
Travis Zariwny,,,1,3.7,4.0,2000.0
Tung-Shing Yee,,15.0,0,7.1,3.0,821.0
Tyler Oliver,,1.3,1,5.2,0.0,969.0
Valentine,,0.12,1,5.1,0.0,0.0
Valeri Milev,,9.5,1,5.1,6.0,898.0
Vic Sarin,,8.0,2,7.1,24.0,873.0
Vicky Jewson,,5.0,1,4.4,3.0,190.0
Vidhu Vinod Chopra,,15.0,1,5.7,34.0,0.0
Vijay Chandar,,150.0,1,5.1,0.0,82.0
Vladlen Barbe,,7.0,1,5.3,0.0,453.0
W.D. Hogan,,1.8,1,3.4,4.0,566.0
Wade Gasque,,0.1,1,6.8,0.0,182.0
Wajahat Rauf,,1.0,1,7.0,3.0,259.0
Ward Roberts,,0.24,1,6.5,12.0,72.0
Warren Sheppard,,0.15,1,4.0,0.0,381.0
Wayne Thornley,,20.0,1,5.8,0.0,1000.0
Will Canon,,3.0,1,5.3,8.0,0.0
William Eubank,,4.0,1,6.1,18.0,10000.0
William Gazecki,,0.62,2,7.1,3.0,24.0
William Kaufman,,3.98,2,5.3,58.0,310.0
William Phillips,,10.0,1,6.5,3.0,850.0
Woo-Suk Kang,,8.0,1,7.2,0.0,387.0
Yuefeng Song,,40.0,1,6.4,0.0,0.0
Zack Ward,,,1,4.0,662.0,378.0
Zackary Adler,,2.5,0,5.0,0.0,0.0
Zoran Lisinac,,0.25,1,7.1,0.0,231.0
Éric Tessier,,3.2,1,6.6,0.0,39.0
Étienne Faure,,0.5,1,4.3,77.0,114.0
